date,tot_cases,tot_cases_conf,tot_cases_prob,tot_deaths,tot_deaths_conf,tot_deaths_prob,new_cases,new_deaths,audit_deaths,new_cases_conf,new_cases_prob,new_deaths_conf,new_deaths_prob,new_cases_18_and_under,new_cases_18_and_under_conf,new_cases_18_and_under_prob
2021-07-23,474444,355629,118815,7312,6555,757,994,4,,654,340,4,0,199,123,76
2021-07-22,473503,355012,118491,7308,6551,757,933,2,,587,346,2,0,220,131,89
2021-07-21,472605,354443,118162,7306,6549,757,963,2,,583,380,1,1,181,105,76
2021-07-20,471669,353875,117794,7304,6548,756,1054,3,,613,441,3,0,217,109,108
2021-07-19,470680,353300,117380,7301,6545,756,240,4,,160,80,4,0,56,38,18
2021-07-18,470440,353140,117300,7297,6541,756,250,5,,196,54,5,0,58,43,15
2021-07-17,470220,352964,117256,7292,6536,756,559,8,,339,220,8,0,105,64,41
2021-07-16,469710,352656,117054,7284,6528,756,541,3,,348,193,3,0,133,84,49
2021-07-15,469214,352335,116879,7281,6525,756,564,5,,348,216,4,1,117,68,49
2021-07-14,468680,352000,116680,7276,6521,755,669,5,,375,294,5,0,129,62,67
2021-07-13,468044,351639,116405,7271,6516,755,470,6,,251,219,6,0,102,54,48
2021-07-12,467612,351391,116221,7265,6510,755,164,2,,93,71,2,0,33,19,14
2021-07-11,467448,351298,116150,7263,6508,755,202,5,,160,42,5,0,43,32,11
2021-07-10,467246,351138,116108,7258,6503,755,368,3,,207,161,2,1,81,50,31
2021-07-09,466884,350926,115958,7255,6501,754,379,2,,255,124,2,0,89,53,36
2021-07-08,466545,350693,115852,7253,6499,754,337,3,,196,141,3,0,67,30,37
2021-07-07,466244,350506,115738,7250,6496,754,397,5,,225,172,5,0,76,36,40
2021-07-06,465913,350334,115579,7245,6491,754,87,3,,52,35,3,0,13,7,6
2021-07-05,465826,350282,115544,7242,6488,754,74,2,,60,14,2,0,11,8,3
2021-07-04,465752,350222,115530,7240,6486,754,108,3,,85,23,3,0,24,19,5
2021-07-03,465676,350165,115511,7237,6483,754,200,8,,129,71,7,1,40,25,15
2021-07-02,465490,349978,115512,7229,6476,753,172,6,,102,70,4,2,41,18,23
2021-07-01,465330,349805,115525,7223,6472,751,215,3,,153,62,3,0,47,30,17
2021-06-30,465167,349666,115501,7220,6469,751,351,3,,224,127,3,0,65,46,19
2021-06-29,464893,349491,115402,7217,6466,751,244,5,,156,88,4,1,47,27,20
2021-06-28,464686,349326,115360,7212,6462,750,69,2,,48,21,2,0,11,9,2
2021-06-27,464617,349278,115339,7210,6460,750,70,3,,62,8,3,0,16,12,4
2021-06-26,464547,349216,115331,7207,6457,750,161,3,,106,55,2,1,21,10,11
2021-06-25,464388,349039,115349,7204,6455,749,218,4,,131,87,4,0,39,27,12
2021-06-24,464199,348864,115335,7200,6451,749,204,4,,116,88,2,2,35,22,13
2021-06-23,464033,348750,115283,7196,6449,747,210,2,,139,71,2,0,28,19,9
2021-06-22,463873,348624,115249,7194,6447,747,208,4,,121,87,4,0,41,19,22
2021-06-21,463692,348513,115179,7190,6443,747,115,3,,98,17,3,0,14,12,2
2021-06-20,463593,348408,115185,7187,6440,747,83,3,,54,29,2,1,13,8,5
2021-06-19,463510,348354,115156,7184,6438,746,187,4,,132,55,4,0,30,23,7
2021-06-18,463337,348228,115109,7180,6434,746,211,2,,130,81,1,1,42,20,22
2021-06-17,463154,348113,115041,7178,6433,745,255,3,,177,78,3,0,43,29,14
2021-06-16,462922,347905,115017,7175,6430,745,233,4,,136,97,3,1,55,25,30
2021-06-15,462700,347738,114962,7171,6427,744,290,8,,168,122,6,2,46,21,25
2021-06-14,462432,347549,114883,7163,6421,742,129,5,,101,28,4,1,18,17,1
2021-06-13,462303,347437,114866,7158,6417,741,88,3,,61,27,2,1,12,9,3
2021-06-12,462220,347383,114837,7155,6415,740,279,8,,147,132,8,0,53,30,23
2021-06-11,461947,347204,114743,7147,6407,740,237,9,,146,91,8,1,31,15,16
2021-06-10,461717,347017,114700,7138,6399,739,289,17,,177,112,14,3,33,20,13
2021-06-09,461446,346804,114642,7121,6384,737,361,12,,191,170,11,1,67,24,43
2021-06-08,461119,346606,114513,7109,6373,736,614,6,,347,267,6,0,119,63,56
2021-06-07,460520,346267,114253,7103,6367,736,36,5,,16,20,3,2,6,2,4
2021-06-06,460485,346140,114345,7098,6364,734,83,7,,60,23,7,0,11,3,8
2021-06-05,460412,346191,114221,7091,6357,734,369,5,,216,153,4,1,61,33,28
2021-06-04,460049,345956,114093,7086,6353,733,531,9,,338,193,7,2,88,56,32
2021-06-03,459540,345615,113925,7077,6346,731,429,6,,268,161,6,0,65,39,26
2021-06-02,459124,345350,113774,7071,6340,731,445,4,,265,180,4,0,68,37,31
2021-06-01,458712,345088,113624,7067,6336,731,137,1,260.0,110,27,0,1,34,22,12
2021-05-31,458575,344981,113594,6806,6116,690,96,3,1.0,69,27,3,0,17,13,4
2021-05-30,458479,344912,113567,6802,6113,689,205,7,13.0,163,42,7,0,24,17,7
2021-05-29,458275,344744,113531,6782,6105,677,383,6,18.0,254,129,5,1,76,51,25
2021-05-28,457892,344470,113422,6758,6092,666,415,6,4.0,257,158,6,0,71,38,33
2021-05-27,457482,344208,113274,6748,6084,664,421,2,2.0,237,184,2,0,78,39,39
2021-05-26,457062,343946,113116,6744,6081,663,440,16,3.0,259,181,15,1,78,45,33
2021-05-25,456626,343658,112968,6725,6065,660,580,4,1.0,350,230,4,0,96,47,49
2021-05-24,456053,343292,112761,6720,6061,659,263,3,1.0,192,71,1,2,47,41,6
2021-05-23,455790,343096,112694,6716,6059,657,215,11,0.0,152,63,9,2,43,31,12
2021-05-22,455575,342947,112628,6705,6050,655,426,5,2.0,270,156,5,0,71,44,27
2021-05-21,455150,342672,112478,6698,6044,654,544,5,0.0,348,196,4,1,112,71,41
2021-05-20,454609,342317,112292,6693,6041,652,575,13,2.0,353,222,12,1,133,75,58
2021-05-19,454044,341940,112104,6678,6027,651,588,5,0.0,318,270,5,0,123,61,62
2021-05-18,453460,341597,111863,6673,6022,651,645,11,0.0,355,290,11,0,133,74,59
2021-05-17,452821,341229,111592,6662,6012,650,285,6,0.0,208,77,6,0,68,52,16
2021-05-16,452537,341013,111524,6656,6006,650,287,8,0.0,218,69,8,0,39,35,4
2021-05-15,452250,340790,111460,6648,5998,650,488,5,0.0,312,176,4,1,118,78,40
2021-05-14,451766,340472,111294,6643,5994,649,558,6,0.0,369,189,6,0,99,67,32
2021-05-13,451213,340103,111110,6637,5988,649,674,4,3.0,415,259,4,0,151,83,68
2021-05-12,450541,339657,110884,6630,5981,649,680,9,1.0,407,273,9,0,132,85,47
2021-05-11,449864,339238,110626,6620,5971,649,758,23,0.0,392,366,17,6,136,60,76
2021-05-10,449107,338829,110278,6597,5954,643,167,9,2.0,117,50,8,1,30,23,7
2021-05-09,448952,338713,110239,6586,5944,642,195,8,0.0,152,43,8,0,42,31,11
2021-05-08,448757,338558,110199,6578,5936,642,544,18,1.0,299,245,17,1,109,60,49
2021-05-07,448215,338257,109958,6559,5919,640,638,10,1.0,380,258,9,1,158,95,63
2021-05-06,447582,337873,109709,6548,5909,639,655,5,1.0,415,240,4,1,147,86,61
2021-05-05,446929,337430,109499,6542,5905,637,710,10,0.0,418,292,9,1,176,110,66
2021-05-04,446221,337001,109220,6532,5895,637,776,7,0.0,428,348,7,0,153,74,79
2021-05-03,445449,336553,108896,6525,5888,637,313,5,3.0,209,104,4,1,55,34,21
2021-05-02,445139,336336,108803,6517,5882,635,368,3,1.0,267,101,3,0,77,53,24
2021-05-01,444771,336065,108706,6513,5878,635,646,9,3.0,425,221,9,0,160,99,61
2021-04-30,444127,335631,108496,6501,5867,634,723,4,0.0,435,288,3,1,173,102,71
2021-04-29,443408,335184,108224,6497,5864,633,796,10,2.0,541,255,9,1,160,89,71
2021-04-28,442618,334624,107994,6485,5854,631,747,9,0.0,454,293,9,0,163,89,74
2021-04-27,441880,334152,107728,6476,5845,631,716,10,7.0,367,349,9,1,155,74,81
2021-04-26,441166,333792,107374,6459,5829,630,213,4,7.0,159,54,4,0,32,22,10
2021-04-25,440955,333631,107324,6449,5822,627,325,4,9.0,214,111,4,0,72,42,30
2021-04-24,440631,333419,107212,6436,5812,624,489,22,11.0,275,214,21,1,96,57,39
2021-04-23,440149,333149,107000,6403,5783,620,607,5,17.0,378,229,5,0,119,68,51
2021-04-22,439551,332786,106765,6381,5766,615,628,5,3.0,410,218,5,0,137,85,52
2021-04-21,438927,332371,106556,6373,5758,615,785,7,6.0,463,322,7,0,165,84,81
2021-04-20,438147,331920,106227,6360,5747,613,609,7,6.0,325,284,7,0,121,59,62
2021-04-19,437543,331565,105978,6347,5736,611,231,4,5.0,149,82,2,2,54,32,22
2021-04-18,437312,331407,105905,6338,5730,608,275,4,4.0,188,87,4,0,45,34,11
2021-04-17,437037,331221,105816,6330,5723,607,599,3,10.0,364,235,3,0,132,69,63
2021-04-16,436445,330855,105590,6317,5711,606,713,10,5.0,417,296,7,3,175,91,84
2021-04-15,435743,330448,105295,6302,5701,601,834,17,0.0,533,301,13,4,166,101,65
2021-04-14,434922,329906,105016,6285,5688,597,782,14,10.0,427,355,12,2,155,76,79
2021-04-13,434148,329470,104678,6261,5668,593,799,3,1.0,428,371,3,0,157,75,82
2021-04-12,433352,329045,104307,6257,5664,593,270,7,0.0,172,98,7,0,52,29,23
2021-04-11,433085,328804,104281,6250,5657,593,366,8,1.0,274,92,8,0,77,55,22
2021-04-10,432720,328529,104191,6241,5649,592,505,10,8.0,302,203,10,0,85,48,37
2021-04-09,432220,328271,103949,6223,5631,592,744,4,5.0,489,255,4,0,104,65,39
2021-04-08,431487,327777,103710,6214,5622,592,645,16,0.0,380,265,15,1,107,68,39
2021-04-07,430860,327377,103483,6198,5607,591,1028,10,4.0,540,488,9,1,185,87,98
2021-04-06,429841,326828,103013,6184,5594,590,344,7,6.0,169,175,7,0,38,19,19
2021-04-05,429511,326642,102869,6171,5581,590,110,4,4.0,76,34,4,0,16,14,2
2021-04-04,429401,326566,102835,6163,5573,590,299,5,9.0,210,89,4,1,53,33,20
2021-04-03,429106,326208,102898,6149,5560,589,587,8,12.0,403,184,8,0,94,57,37
2021-04-02,428527,325925,102602,6129,5541,588,690,3,18.0,447,243,3,0,115,58,57
2021-04-01,427842,325482,102360,6108,5522,586,972,13,5.0,606,366,12,1,175,99,76
2021-03-31,426876,324813,102063,6090,5505,585,815,22,3.0,495,320,19,3,141,86,55
2021-03-30,426073,324328,101745,6065,5483,582,751,13,10.0,401,350,11,2,113,55,58
2021-03-29,425333,323948,101385,6042,5464,578,310,11,0.0,197,113,8,3,50,28,22
2021-03-28,425024,323743,101281,6031,5456,575,361,8,0.0,270,91,5,3,72,48,24
2021-03-27,424666,323473,101193,6023,5451,572,637,15,0.0,402,235,13,2,100,43,57
2021-03-26,424055,323113,100942,6008,5438,570,646,27,11.0,362,284,22,5,159,72,87
2021-03-25,423414,322752,100662,5970,5408,562,726,19,88.0,410,316,18,1,138,64,74
2021-03-24,422694,322322,100372,5863,5312,551,695,24,25.0,387,308,21,3,127,61,66
2021-03-23,421999,321890,100109,5814,5270,544,893,11,4.0,478,415,11,0,155,76,79
2021-03-22,421121,321363,99758,5799,5256,543,294,11,50.0,189,105,9,2,44,29,15
2021-03-21,420828,321166,99662,5738,5200,538,316,16,2.0,231,85,15,1,48,28,20
2021-03-20,420512,320937,99575,5720,5183,537,644,25,0.0,414,230,20,5,139,69,70
2021-03-19,419872,320500,99372,5695,5163,532,731,25,166.0,440,291,21,4,132,69,63
2021-03-18,419149,320032,99117,5504,4987,517,785,448,,472,313,406,42,164,107,57
2021-03-17,418372,319559,98813,5056,4581,475,963,27,,593,370,24,3,159,85,74
2021-03-16,417412,318956,98456,5029,4557,472,819,24,,462,357,22,2,122,59,63
2021-03-15,416610,318472,98138,5005,4535,470,396,23,,310,86,21,2,40,30,10
2021-03-14,416215,318158,98057,4982,4514,468,445,16,,349,96,15,1,78,62,16
2021-03-13,415770,317805,97965,4966,4499,467,679,16,,468,211,13,3,91,58,33
2021-03-12,415091,317330,97761,4950,4486,464,963,29,,627,336,27,2,228,151,77
2021-03-11,414131,316694,97437,4921,4459,462,1211,37,,898,313,30,7,260,199,61
2021-03-10,412924,315777,97147,4884,4429,455,1010,34,,618,392,33,1,170,88,82
2021-03-09,411917,315134,96783,4850,4396,454,880,21,,501,379,18,3,168,105,63
2021-03-08,411040,314598,96442,4829,4378,451,331,10,,211,120,9,1,49,29,20
2021-03-07,410709,314385,96324,4819,4369,450,526,13,,390,136,13,0,73,55,18
2021-03-06,410184,313998,96186,4806,4356,450,840,52,,493,347,45,7,140,83,57
2021-03-05,409345,313491,95854,4754,4311,443,920,22,,550,370,19,3,143,72,71
2021-03-04,408440,312930,95510,4732,4292,440,1068,28,,731,337,25,3,139,76,63
2021-03-03,407373,312179,95194,4704,4267,437,1175,33,,651,524,26,7,170,78,92
2021-03-02,406201,311489,94712,4671,4241,430,1080,19,,598,482,17,2,160,87,73
2021-03-01,405126,310885,94241,4652,4224,428,509,15,,392,117,15,0,79,60,19
2021-02-28,404622,310481,94141,4637,4209,428,675,12,,444,231,10,2,91,50,41
2021-02-27,403947,310029,93918,4625,4199,426,1025,25,,621,404,24,1,190,117,73
2021-02-26,402926,309388,93538,4600,4175,425,1180,30,,754,426,29,1,201,110,91
2021-02-25,401750,308600,93150,4570,4146,424,1447,43,,1002,445,39,4,192,114,78
2021-02-24,400307,307541,92766,4527,4107,420,1306,51,,789,517,46,5,183,95,88
2021-02-23,399013,306745,92268,4476,4061,415,1497,16,,875,622,15,1,235,136,99
2021-02-22,397526,305904,91622,4460,4046,414,530,13,,331,199,13,0,93,50,43
2021-02-21,396997,305543,91454,4447,4033,414,979,21,,653,326,16,5,145,89,56
2021-02-20,396018,304886,91132,4426,4017,409,1333,25,,777,556,22,3,193,123,70
2021-02-19,394687,304086,90601,4401,3995,406,1993,28,,1347,646,23,5,332,216,116
2021-02-18,392729,302781,89948,4373,3972,401,963,37,,463,500,31,6,141,65,76
2021-02-17,391772,302264,89508,4336,3941,395,1017,18,,632,385,16,2,163,93,70
2021-02-16,390762,301646,89116,4318,3925,393,1255,27,,783,472,24,3,191,121,70
2021-02-15,389521,300855,88666,4291,3901,390,723,9,,481,242,8,1,105,69,36
2021-02-14,388798,300366,88432,4282,3893,389,1710,10,,1042,668,9,1,277,154,123
2021-02-13,387090,299318,87772,4272,3884,388,769,19,,454,315,19,0,117,63,54
2021-02-12,386326,298878,87448,4253,3865,388,1440,42,,919,521,35,7,252,146,106
2021-02-11,384903,297942,86961,4211,3830,381,1880,36,,1156,724,31,5,296,168,128
2021-02-10,383032,296748,86284,4175,3799,376,1914,49,,992,922,46,3,313,161,152
2021-02-09,381121,295779,85342,4126,3753,373,2339,35,,1327,1012,33,2,409,201,208
2021-02-08,378793,294457,84336,4091,3720,371,1003,40,,736,267,31,9,175,120,55
2021-02-07,377790,293708,84082,4051,3689,362,1532,31,,1128,404,29,2,252,182,70
2021-02-06,376262,292581,83681,4020,3660,360,1998,49,,1208,790,41,8,346,198,148
2021-02-05,374268,291375,82893,3971,3619,352,2261,50,,1381,880,43,7,339,210,129
2021-02-04,372012,290000,82012,3921,3576,345,2500,58,,1702,798,53,5,432,274,158
2021-02-03,369519,288244,81275,3863,3523,340,2592,51,,1731,861,45,6,416,267,149
2021-02-02,366938,286537,80401,3812,3478,334,2443,32,,1404,1039,28,4,398,207,191
2021-02-01,364507,285138,79369,3780,3450,330,1623,35,,1110,513,32,3,220,150,70
2021-01-31,362890,284053,78837,3745,3418,327,1768,31,,1240,528,27,4,282,191,91
2021-01-30,361124,282810,78314,3714,3391,323,2649,46,,1746,903,40,6,435,257,178
2021-01-29,358478,281086,77392,3668,3351,317,2608,57,,1754,854,40,17,424,288,136
2021-01-28,355877,279340,76537,3611,3311,300,2947,69,,2026,921,63,6,498,329,169
2021-01-27,352943,277341,75602,3542,3248,294,2424,47,,1406,1018,41,6,413,225,188
2021-01-26,350528,276016,74512,3495,3207,288,2714,35,,1555,1159,30,5,470,246,224
2021-01-25,347836,274512,73324,3460,3177,283,1268,39,,882,386,32,7,169,121,48
2021-01-24,346586,273686,72900,3421,3145,276,2018,35,,1487,531,31,4,319,245,74
2021-01-23,344568,272191,72377,3386,3114,272,3795,49,,2818,977,45,4,614,424,190
2021-01-22,340779,269421,71358,3337,3069,268,2756,36,,1852,904,35,1,395,252,143
2021-01-21,338034,267624,70410,3301,3034,267,3728,58,,2391,1337,51,7,506,303,203
2021-01-20,334321,265333,68988,3243,2983,260,3433,49,,2383,1050,42,7,520,346,174
2021-01-19,330907,263094,67813,3194,2941,253,2250,27,,1575,675,18,9,260,185,75
2021-01-18,328668,261527,67141,3167,2923,244,1998,40,,1622,376,39,1,219,166,53
2021-01-17,326675,259967,66708,3127,2884,243,2362,34,,1990,372,26,8,293,241,52
2021-01-16,324325,257994,66331,3093,2858,235,3096,32,,2341,755,29,3,426,311,115
2021-01-15,321270,255670,65600,3061,2829,232,3955,19,,3076,879,16,3,491,380,111
2021-01-14,317345,252694,64651,3042,2813,229,4084,51,,3122,962,46,5,504,370,134
2021-01-13,313282,249686,63596,2991,2767,224,4560,47,,3361,1199,37,10,594,428,166
2021-01-12,308729,246392,62337,2944,2730,214,3053,22,,1917,1136,21,1,412,242,170
2021-01-11,305707,244578,61129,2922,2709,213,2085,21,,1670,415,17,4,242,185,57
2021-01-10,303625,242993,60632,2901,2692,209,3232,25,,2686,546,20,5,389,313,76
2021-01-09,300398,240337,60061,2876,2672,204,4240,20,,3289,951,20,0,509,371,138
2021-01-08,296167,237108,59059,2856,2652,204,4750,13,,3667,1083,9,4,581,427,154
2021-01-07,291430,233472,57958,2843,2643,200,4911,37,,3763,1148,34,3,651,465,186
2021-01-06,286541,229808,56733,2806,2609,197,5742,34,,4291,1451,31,3,670,496,174
2021-01-05,280836,225611,55225,2772,2578,194,1781,23,,1345,436,19,4,202,146,56
2021-01-04,279143,224348,54795,2749,2559,190,2319,26,,1795,524,26,0,291,223,68
2021-01-03,276826,222545,54281,2723,2533,190,2860,25,,2318,542,20,5,325,253,72
2021-01-02,273971,220231,53740,2698,2513,185,1470,22,,1174,296,20,2,185,138,47
2021-01-01,272502,219052,53450,2676,2493,183,3124,14,,2591,533,12,2,391,306,85
2020-12-31,269381,216445,52936,2662,2481,181,4145,39,,3189,956,35,4,441,302,139
2020-12-30,265262,213256,52006,2623,2446,177,3784,29,,2710,1074,22,7,398,261,137
2020-12-29,261492,210548,50944,2594,2424,170,2990,31,,1944,1046,26,5,307,179,128
2020-12-28,258517,208615,49902,2563,2398,165,1455,8,,1018,437,7,1,147,103,44
2020-12-27,257063,207578,49485,2555,2391,164,1509,21,,1215,294,19,2,181,139,42
2020-12-26,255563,206356,49207,2534,2372,162,764,4,,713,51,4,0,69,60,9
2020-12-25,254801,205660,49141,2530,2368,162,1803,11,,1593,210,9,2,164,146,18
2020-12-24,252998,204067,48931,2519,2359,160,2742,53,,2023,719,47,6,289,186,103
2020-12-23,250280,202044,48236,2466,2312,154,2953,26,,2107,846,24,2,322,192,130
2020-12-22,247344,199942,47402,2440,2288,152,3057,28,,1981,1076,22,6,327,192,135
2020-12-21,244297,197968,46329,2412,2266,146,1988,15,,1662,326,12,3,241,199,42
2020-12-20,242321,196279,46042,2397,2255,142,1765,26,,1384,381,21,5,194,154,40
2020-12-19,240564,194877,45687,2371,2234,137,3388,27,,2345,1043,26,1,373,233,140
2020-12-18,237190,192448,44742,2344,2208,136,3179,28,,2161,1018,25,3,349,217,132
2020-12-17,234021,190277,43744,2316,2183,133,3349,54,,2521,828,50,4,372,261,111
2020-12-16,230693,187697,42996,2262,2133,129,2898,23,,1812,1086,21,2,317,182,135
2020-12-15,227818,185901,41917,2239,2112,127,2946,15,,1807,1139,14,1,340,191,149
2020-12-14,224890,184072.0,40818.0,2224.0,2098.0,126.0,1802,17.0,,,,,,,,
2020-12-13,223104,182563.0,40541.0,2207.0,2081.0,126.0,2454,15.0,,,,,,,,
2020-12-12,220660,180633.0,40027.0,2192.0,2067.0,125.0,3558,24.0,,,,,,,,
2020-12-11,217120,178047.0,39073.0,2168.0,2052.0,116.0,3691,22.0,,,,,,,,
2020-12-10,213450,175271.0,38179.0,2146.0,2039.0,107.0,4324,28.0,,,,,,,,
2020-12-09,209136,172075.0,37061.0,2118.0,2014.0,104.0,3481,16.0,,,,,,,,
2020-12-08,205668,169569.0,36099.0,2102.0,1999.0,103.0,3114,20.0,,,,,,,,
2020-12-07,202592,167377.0,35215.0,2082.0,1980.0,102.0,1972,10.0,,,,,,,,
2020-12-06,200632,165693.0,34939.0,2072.0,1970.0,102.0,2567,10.0,,,,,,,,
2020-12-05,198065,163462.0,34603.0,2062.0,1960.0,102.0,3892,23.0,,,,,,,,
2020-12-04,194193,160166.0,34027.0,2039.0,1941.0,98.0,3614,25.0,,,,,,,,
2020-12-03,190601,157319.0,33282.0,2014.0,1922.0,92.0,3895,34.0,,,,,,,,
2020-12-02,186765,154260.0,32505.0,1980.0,1909.0,71.0,3601,37.0,,,,,,,,
2020-12-01,183168,151528.0,31640.0,1943.0,1874.0,69.0,4151,35.0,,,,,,,,
2020-11-30,179041,148424.0,30617.0,1908.0,1846.0,62.0,2124,12.0,,,,,,,,
2020-11-29,176925,146693.0,30232.0,1896.0,1834.0,62.0,2803,11.0,,,,,,,,
2020-11-28,174182,144349.0,29833.0,1885.0,1825.0,60.0,2437,14.0,,,,,,,,
2020-11-27,171755,142254.0,29501.0,1871.0,1817.0,54.0,1747,4.0,,,,,,,,
2020-11-26,170009,140630.0,29379.0,1867.0,1814.0,53.0,3870,32.0,,,,,,,,
2020-11-25,166139,137387.0,28752.0,1835.0,1784.0,51.0,3408,26.0,,,,,,,,
2020-11-24,162838,134739.0,28099.0,1809.0,1764.0,45.0,2690,17.0,,,,,,,,
2020-11-23,160232,132799.0,27433.0,1792.0,1747.0,45.0,2135,5.0,,,,,,,,
2020-11-22,158100,130899.0,27201.0,1787.0,1742.0,45.0,2194,4.0,,,,,,,,
2020-11-21,155908,128943.0,26965.0,1783.0,1738.0,45.0,3711,21.0,,,,,,,,
2020-11-20,152206,125825.0,26381.0,1762.0,1720.0,42.0,3825,20.0,,,,,,,,
2020-11-19,148390,122681.0,25709.0,1742.0,1701.0,41.0,3649,30.0,,,,,,,,
2020-11-18,144753,119662.0,25091.0,1712.0,1674.0,38.0,2753,15.0,,,,,,,,
2020-11-17,142008,117557.0,24451.0,1697.0,1659.0,38.0,2931,33.0,,,,,,,,
2020-11-16,139097,115274.0,23823.0,1664.0,1627.0,37.0,1514,3.0,,,,,,,,
2020-11-15,137586,114044.0,23542.0,1661.0,1624.0,37.0,1449,3.0,,,,,,,,
2020-11-14,136137,112914.0,23223.0,1658.0,1621.0,37.0,3303,11.0,,,,,,,,
2020-11-13,132844,110237.0,22607.0,1647.0,1611.0,36.0,3173,25.0,,,,,,,,
2020-11-12,129680,107745.0,21935.0,1622.0,1589.0,33.0,2342,18.0,,,,,,,,
2020-11-11,127344,105907.0,21437.0,1604.0,1574.0,30.0,2700,14.0,,,,,,,,
2020-11-10,124646,103849.0,20797.0,1590.0,1562.0,28.0,2120,14.0,,,,,,,,
2020-11-09,122567,102373.0,20194.0,1576.0,1549.0,27.0,1745,11.0,,,,,,,,
2020-11-08,120838,100791.0,20047.0,1565.0,1538.0,27.0,1177,4.0,,,,,,,,
2020-11-07,119661,99815.0,19846.0,1561.0,1534.0,27.0,2162,17.0,,,,,,,,
2020-11-06,117505,98138.0,19367.0,1544.0,1520.0,24.0,2302,10.0,,,,,,,,
2020-11-05,115277,96424.0,18853.0,1534.0,1511.0,23.0,2318,20.0,,,,,,,,
2020-11-04,113009,94691.0,18318.0,1514.0,1491.0,23.0,1635,11.0,,,,,,,,
2020-11-03,111379,93407.0,17972.0,1503.0,1480.0,23.0,1795,11.0,,,,,,,,
2020-11-02,109670,92228.0,17442.0,1492.0,1470.0,22.0,1032,3.0,,,,,,,,
2020-11-01,108642,91343.0,17299.0,1489.0,1467.0,22.0,1423,4.0,,,,,,,,
2020-10-31,107219,90062.0,17157.0,1485.0,1463.0,22.0,1986,9.0,,,,,,,,
2020-10-30,105242,88512.0,16730.0,1476.0,1455.0,21.0,1941,15.0,,,,,,,,
2020-10-29,103305,86953.0,16352.0,1461.0,1440.0,21.0,1821,19.0,,,,,,,,
2020-10-28,101494,85577.0,15917.0,1442.0,1421.0,21.0,1864,14.0,,,,,,,,
2020-10-27,99637,84177.0,15460.0,1428.0,1408.0,20.0,1786,18.0,,,,,,,,
2020-10-26,97866,82892.0,14974.0,1410.0,1391.0,19.0,953,3.0,,,,,,,,
2020-10-25,96942,82087.0,14855.0,1407.0,1388.0,19.0,1462,3.0,,,,,,,,
2020-10-24,95480,80735.0,14745.0,1404.0,1385.0,19.0,1738,8.0,,,,,,,,
2020-10-23,93748,79275.0,14473.0,1396.0,1378.0,18.0,1457,16.0,,,,,,,,
2020-10-22,92299,78250.0,14049.0,1380.0,1363.0,17.0,1330,17.0,,,,,,,,
2020-10-21,90996,77233.0,13763.0,1363.0,1346.0,17.0,1487,21.0,,,,,,,,
2020-10-20,89544,76113.0,13431.0,1342.0,1326.0,16.0,1312,16.0,,,,,,,,
2020-10-19,88247,75143.0,13104.0,1326.0,1310.0,16.0,647,9.0,,,,,,,,
2020-10-18,87607,74600.0,13007.0,1317.0,1303.0,14.0,812,5.0,,,,,,,,
2020-10-17,86797,73915.0,12882.0,1312.0,1298.0,14.0,1295,12.0,,,,,,,,
2020-10-16,85506,72924.0,12582.0,1300.0,1286.0,14.0,1319,4.0,,,,,,,,
2020-10-15,84195,71896.0,12299.0,1296.0,1282.0,14.0,1260,20.0,,,,,,,,
2020-10-14,83013,71059.0,11954.0,1276.0,1262.0,14.0,1346,7.0,,,,,,,,
2020-10-13,81691,70080.0,11611.0,1269.0,1256.0,13.0,776,14.0,,,,,,,,
2020-10-12,80930,69611.0,11319.0,1255.0,1242.0,13.0,643,3.0,,,,,,,,
2020-10-11,80292,69138.0,11154.0,1252.0,1239.0,13.0,852,3.0,,,,,,,,
2020-10-10,79445,68442.0,11003.0,1249.0,1236.0,13.0,1002,7.0,,,,,,,,
2020-10-09,78456,67635.0,10821.0,1242.0,1229.0,13.0,1059,8.0,,,,,,,,
2020-10-08,77455,66830.0,10625.0,1234.0,1222.0,12.0,884,11.0,,,,,,,,
2020-10-07,76587,66148.0,10439.0,1223.0,1211.0,12.0,2398,5.0,,,,,,,,
2020-10-06,74194,64350.0,9844.0,1218.0,1206.0,12.0,1054,4.0,,,,,,,,
2020-10-05,73158,63658.0,9500.0,1214.0,1202.0,12.0,543,5.0,,,,,,,,
2020-10-04,72617,63189.0,9428.0,1209.0,1197.0,12.0,616,4.0,,,,,,,,
2020-10-03,72001,62669.0,9332.0,1205.0,1193.0,12.0,1275,8.0,,,,,,,,
2020-10-02,70727,61647.0,9080.0,1197.0,1185.0,12.0,1039,6.0,,,,,,,,
2020-10-01,69728,60875.0,8853.0,1191.0,1180.0,11.0,910,17.0,,,,,,,,
2020-09-30,68840,60218.0,8622.0,1174.0,1163.0,11.0,1004,4.0,,,,,,,,
2020-09-29,67856,59544.0,8312.0,1170.0,1159.0,11.0,1018,8.0,,,,,,,,
2020-09-28,66939,58888.0,8051.0,1162.0,1151.0,11.0,456,5.0,,,,,,,,
2020-09-27,66491,58501.0,7990.0,1157.0,1147.0,10.0,456,3.0,,,,,,,,
2020-09-26,66036,58128.0,7908.0,1154.0,1144.0,10.0,970.0,5.0,,,,,,,,
2020-09-25,65066,57366.0,7700.0,1149.0,1140.0,9.0,908.0,12.0,,,,,,,,
2020-09-24,64158,56608.0,7550.0,1137.0,1128.0,9.0,641.0,13.0,,,,,,,,
2020-09-23,63517,56154.0,7363.0,1124.0,1115.0,9.0,786.0,5.0,,,,,,,,
2020-09-22,62731,55577.0,7154.0,1119.0,1110.0,9.0,814.0,7.0,,,,,,,,
2020-09-21,61917,54996.0,6921.0,1112.0,1103.0,9.0,375.0,1.0,,,,,,,,
2020-09-20,61542,54695.0,6847.0,1111.0,1102.0,9.0,436.0,3.0,,,,,,,,
2020-09-19,61106,54325.0,6781.0,1108.0,1099.0,9.0,978.0,7.0,,,,,,,,
2020-09-18,60128,53509.0,6619.0,1101.0,1092.0,9.0,758.0,8.0,,,,,,,,
2020-09-17,59370,52887.0,6483.0,1093.0,1084.0,9.0,606.0,11.0,,,,,,,,
2020-09-16,58764,52437.0,6327.0,1082.0,1073.0,9.0,764.0,8.0,,,,,,,,
2020-09-15,58000,51862.0,6138.0,1074.0,1065.0,9.0,718.0,9.0,,,,,,,,
2020-09-14,57282,51317.0,5965.0,1065.0,1056.0,9.0,337.0,5.0,,,,,,,,
2020-09-13,56945,51018.0,5927.0,1060.0,1051.0,9.0,530.0,3.0,,,,,,,,
2020-09-12,56415,50535.0,5880.0,1057.0,1048.0,9.0,711.0,13.0,,,,,,,,
2020-09-11,55704,49979.0,5725.0,1044.0,1035.0,9.0,932.0,9.0,,,,,,,,
2020-09-10,54772,49198.0,5574.0,1035.0,1026.0,9.0,795.0,22.0,,,,,,,,
2020-09-09,53977,48599.0,5378.0,1013.0,1004.0,9.0,658.0,16.0,,,,,,,,
2020-09-08,53319,48141.0,5178.0,997.0,988.0,9.0,255.0,1.0,,,,,,,,
2020-09-07,53064,47956.0,5108.0,996.0,987.0,9.0,290.0,0.0,,,,,,,,
2020-09-06,52774,47741.0,5033.0,996.0,987.0,9.0,310.0,3.0,,,,,,,,
2020-09-05,52464,47487.0,4977.0,993.0,984.0,9.0,787.0,6.0,,,,,,,,
2020-09-04,51677,46846.0,4831.0,987.0,978.0,9.0,792.0,11.0,,,,,,,,
2020-09-03,50885,46166.0,4719.0,976.0,967.0,9.0,894.0,10.0,,,,,,,,
2020-09-02,49991,45497.0,4494.0,966.0,957.0,9.0,806.0,18.0,,,,,,,,
2020-09-01,49185,44824.0,4361.0,948.0,939.0,9.0,789.0,15.0,,,,,,,,
2020-08-31,48396,44212.0,4184.0,933.0,924.0,9.0,364.0,3.0,,,,,,,,
2020-08-30,48032,43901.0,4131.0,930.0,921.0,9.0,455.0,9.0,,,,,,,,
2020-08-29,47577,43507.0,4070.0,921.0,913.0,8.0,820.0,3.0,,,,,,,,
2020-08-28,46757,42811.0,3946.0,918.0,910.0,8.0,779.0,8.0,,,,,,,,
2020-08-27,45978,42169.0,3809.0,910.0,904.0,6.0,748.0,8.0,,,,,,,,
2020-08-26,45230,41567.0,3663.0,902.0,896.0,6.0,662.0,7.0,,,,,,,,
2020-08-25,44568,41054.0,3514.0,895.0,889.0,6.0,669.0,10.0,,,,,,,,
2020-08-24,43899,40493.0,3406.0,885.0,879.0,6.0,370.0,4.0,,,,,,,,
2020-08-23,43529,40181.0,3348.0,881.0,875.0,6.0,463.0,9.0,,,,,,,,
2020-08-22,43066,39755.0,3311.0,872.0,866.0,6.0,801.0,8.0,,,,,,,,
2020-08-21,42265,39068.0,3197.0,864.0,858.0,6.0,639.0,8.0,,,,,,,,
2020-08-20,41626,38475.0,3151.0,856.0,850.0,6.0,700.0,14.0,,,,,,,,
2020-08-19,40926,37848.0,3078.0,842.0,836.0,6.0,627.0,12.0,,,,,,,,
2020-08-18,40299,37304.0,2995.0,830.0,825.0,5.0,608.0,12.0,,,,,,,,
2020-08-17,39691,36824.0,2867.0,818.0,813.0,5.0,376.0,5.0,,,,,,,,
2020-08-16,39315,36475.0,2840.0,813.0,808.0,5.0,385.0,3.0,,,,,,,,
2020-08-15,38930,36117.0,2813.0,810.0,805.0,5.0,632.0,6.0,,,,,,,,
2020-08-14,38298,35565.0,2733.0,804.0,799.0,5.0,612.0,8.0,,,,,,,,
2020-08-13,37686,35036.0,2650.0,796.0,791.0,5.0,741.0,6.0,,,,,,,,
2020-08-12,36945,34415.0,2530.0,790.0,785.0,5.0,1152.0,7.0,,,,,,,,
2020-08-11,35793,33379.0,2414.0,783.0,778.0,5.0,539.0,8.0,,,,,,,,
2020-08-10,35254,32941.0,2313.0,775.0,770.0,5.0,272.0,2.0,,,,,,,,
2020-08-09,34982,32713.0,2269.0,773.0,768.0,5.0,404.0,1.0,,,,,,,,
2020-08-08,34578,32330.0,2248.0,772.0,767.0,5.0,782.0,8.0,,,,,,,,
2020-08-07,33796,31635.0,2161.0,764.0,760.0,4.0,542.0,4.0,,,,,,,,
2020-08-06,33254,31146.0,2108.0,760.0,756.0,4.0,513.0,8.0,,,,,,,,
2020-08-05,32741,30712.0,2029.0,752.0,748.0,4.0,544.0,1.0,,,,,,,,
2020-08-04,32197,30238.0,1959.0,751.0,747.0,4.0,689.0,7.0,,,,,,,,
2020-08-03,31508,29623.0,1885.0,744.0,740.0,4.0,323.0,2.0,,,,,,,,
2020-08-02,31185,29346.0,1839.0,742.0,738.0,4.0,462.0,2.0,,,,,,,,
2020-08-01,30723,28922.0,1801.0,740.0,736.0,4.0,572.0,5.0,,,,,,,,
2020-07-31,30151,28404.0,1747.0,735.0,731.0,4.0,765.0,4.0,,,,,,,,
2020-07-30,29386,27716.0,1670.0,731.0,727.0,4.0,659.0,7.0,,,,,,,,
2020-07-29,28727,27173.0,1554.0,724.0,720.0,4.0,601.0,5.0,,,,,,,,
2020-07-28,28126,26656.0,1470.0,719.0,715.0,4.0,525.0,10.0,,,,,,,,
2020-07-27,27601,26209.0,1392.0,709.0,705.0,4.0,522.0,9.0,,,,,,,,
2020-07-26,27079,25699.0,1380.0,700.0,696.0,4.0,315.0,4.0,,,,,,,,
2020-07-25,26764,25390.0,1374.0,696.0,692.0,4.0,833.0,5.0,,,,,,,,
2020-07-24,25931,24615.0,1316.0,691.0,687.0,4.0,784.0,7.0,,,,,,,,
2020-07-23,25147,23882.0,1265.0,684.0,680.0,4.0,607.0,7.0,,,,,,,,
2020-07-22,24540,23336.0,1204.0,677.0,673.0,4.0,480.0,3.0,,,,,,,,
2020-07-21,24060,22916.0,1144.0,674.0,670.0,4.0,646.0,3.0,,,,,,,,
2020-07-20,23414,22328.0,1086.0,671.0,667.0,4.0,253.0,1.0,,,,,,,,
2020-07-19,23161,22095.0,1066.0,670.0,666.0,4.0,977.0,3.0,,,,,,,,
2020-07-18,22184,21128.0,1056.0,667.0,662.0,5.0,579.0,9.0,,,,,,,,
2020-07-17,21605,20607.0,998.0,658.0,653.0,5.0,522.0,8.0,,,,,,,,
2020-07-16,21083,20118.0,965.0,650.0,646.0,4.0,406.0,5.0,,,,,,,,
2020-07-15,20677,19737.0,940.0,645.0,641.0,4.0,454.0,10.0,,,,,,,,
2020-07-14,20223,19349.0,874.0,635.0,631.0,4.0,570.0,6.0,,,,,,,,
2020-07-13,19653,18824.0,829.0,629.0,625.0,4.0,264.0,4.0,,,,,,,,
2020-07-12,19389,18562.0,827.0,625.0,621.0,4.0,268.0,3.0,,,,,,,,
2020-07-11,19121,18307.0,814.0,622.0,618.0,4.0,451.0,2.0,,,,,,,,
2020-07-10,18670,17890.0,780.0,620.0,616.0,4.0,425.0,8.0,,,,,,,,
2020-07-09,18245,17491.0,754.0,612.0,608.0,4.0,326.0,4.0,,,,,,,,
2020-07-08,17919,17202.0,717.0,608.0,604.0,4.0,400.0,6.0,,,,,,,,
2020-07-07,17519,16864.0,655.0,602.0,598.0,4.0,367.0,9.0,,,,,,,,
2020-07-06,17152,16525.0,627.0,593.0,589.0,4.0,245.0,8.0,,,,,,,,
2020-07-05,16907,16291.0,616.0,585.0,581.0,4.0,280.0,0.0,,,,,,,,
2020-07-04,16627,16018.0,609.0,585.0,581.0,4.0,251.0,0.0,,,,,,,,
2020-07-03,16376,15781.0,595.0,585.0,581.0,4.0,297.0,4.0,,,,,,,,
2020-07-02,16079,15508.0,571.0,581.0,577.0,4.0,237.0,9.0,,,,,,,,
2020-07-01,15842,15286.0,556.0,572.0,568.0,4.0,218.0,7.0,,,,,,,,
2020-06-30,15624,15090.0,534.0,565.0,561.0,4.0,277.0,5.0,,,,,,,,
2020-06-29,15347,14835.0,512.0,560.0,557.0,3.0,115.0,2.0,,,,,,,,
2020-06-28,15232,14732.0,500.0,558.0,555.0,3.0,65.0,4.0,,,,,,,,
2020-06-27,15167,14669.0,498.0,554.0,551.0,3.0,308.0,1.0,,,,,,,,
2020-06-26,14859,14401.0,458.0,553.0,550.0,3.0,242.0,7.0,,,,,,,,
2020-06-25,14617,14182.0,435.0,546.0,542.0,4.0,254.0,8.0,,,,,,,,
2020-06-24,14363,13937.0,426.0,538.0,534.0,4.0,222.0,1.0,,,,,,,,
2020-06-23,14141,13736.0,405.0,537.0,533.0,4.0,302.0,11.0,,,,,,,,
2020-06-22,13839,13449.0,390.0,526.0,522.0,4.0,89.0,0.0,,,,,,,,
2020-06-21,13750,13369.0,381.0,526.0,523.0,3.0,120.0,2.0,,,,,,,,
2020-06-20,13630,13253.0,377.0,524.0,521.0,3.0,176.0,2.0,,,,,,,,
2020-06-19,13454,13097.0,357.0,522.0,519.0,3.0,257.0,2.0,,,,,,,,
2020-06-18,13197,12846.0,351.0,520.0,518.0,2.0,202.0,2.0,,,,,,,,
2020-06-17,12995,12646.0,349.0,518.0,516.0,2.0,166.0,6.0,,,,,,,,
2020-06-16,12829,12490.0,339.0,512.0,510.0,2.0,182.0,7.0,,,,,,,,
2020-06-15,12647,12326.0,321.0,505.0,503.0,2.0,118.0,5.0,,,,,,,,
2020-06-14,12529,12208.0,321.0,500.0,498.0,2.0,84.0,1.0,,,,,,,,
2020-06-13,12445,12125.0,320.0,499.0,497.0,2.0,279.0,2.0,,,,,,,,
2020-06-12,12166,11850.0,316.0,497.0,495.0,2.0,221.0,4.0,,,,,,,,
2020-06-11,11945,11637.0,308.0,493.0,491.0,2.0,62.0,9.0,,,,,,,,
2020-06-10,11883,11576.0,307.0,484.0,482.0,2.0,175.0,7.0,,,,,,,,
2020-06-09,11708,11419.0,289.0,477.0,475.0,2.0,232.0,5.0,,,,,,,,
2020-06-08,11476,11212.0,264.0,472.0,470.0,2.0,120.0,1.0,,,,,,,,
2020-06-07,11356,11097.0,259.0,471.0,469.0,2.0,69.0,1.0,,,,,,,,
2020-06-06,11287,11031.0,256.0,470.0,468.0,2.0,310.0,4.0,,,,,,,,
2020-06-05,10977,10734.0,243.0,466.0,465.0,1.0,272.0,8.0,,,,,,,,
2020-06-04,10705,10479.0,226.0,458.0,456.0,2.0,295.0,8.0,,,,,,,,
2020-06-03,10410,10192.0,218.0,450.0,449.0,1.0,225.0,8.0,,,,,,,,
2020-06-02,10185,9970.0,215.0,442.0,441.0,1.0,139.0,3.0,,,,,,,,
2020-06-01,10046,9853.0,193.0,439.0,438.0,1.0,214.0,5.0,,,,,,,,
2020-05-31,9704,,,431.0,430.0,1.0,240.0,13.0,,,,,,,,
2020-05-30,9464,,,418.0,417.0,1.0,280.0,9.0,,,,,,,,
2020-05-29,9184,,,409.0,408.0,1.0,107.0,9.0,,,,,,,,
2020-05-28,9077,,,400.0,399.0,1.0,0.0,0.0,,,,,,,,
2020-05-27,9077,,,400.0,399.0,1.0,506.0,9.0,,,,,,,,
2020-05-26,8571,,,391.0,390.0,1.0,0.0,0.0,,,,,,,,
2020-05-25,8571,,,391.0,390.0,1.0,0.0,0.0,,,,,,,,
2020-05-24,8571,,,391.0,390.0,1.0,145.0,0.0,,,,,,,,
2020-05-23,8426,,,391.0,390.0,1.0,140.0,5.0,,,,,,,,
2020-05-22,8286,,,386.0,385.0,1.0,11.0,10.0,,,,,,,,
2020-05-21,8275,,,376.0,375.0,1.0,206.0,10.0,,,,,,,,
2020-05-20,8069,,,366.0,365.0,1.0,0.0,0.0,,,,,,,,
2020-05-19,8069,,,366.0,345.0,1.0,381.0,32.0,,,,,,,,
2020-05-18,7688,,,334.0,334.0,,0.0,0.0,,,,,,,,
2020-05-17,7688,,,334.0,334.0,,244.0,2.0,,,,,,,,
2020-05-16,7444,,,332.0,332.0,,219.0,4.0,,,,,,,,
2020-05-15,7225,,,328.0,328.0,,145.0,2.0,,,,,,,,
2020-05-14,7080,,,326.0,326.0,,227.0,5.0,,,,,,,,
2020-05-13,6853,,,321.0,321.0,,176.0,10.0,,,,,,,,
2020-05-12,6677,,,311.0,311.0,,237.0,7.0,,,,,,,,
2020-05-11,6440,,,304.0,304.0,,0.0,0.0,,,,,,,,
2020-05-10,6440,,,304.0,304.0,,152.0,6.0,,,,,,,,
2020-05-09,6288,,,298.0,298.0,,159.0,4.0,,,,,,,,
2020-05-08,6129,,,294.0,294.0,,195.0,11.0,,,,,,,,
2020-05-07,5934,,,283.0,282.0,,112.0,8.0,,,,,,,,
2020-05-06,5822,,,275.0,274.0,,577.0,14.0,,,,,,,,
2020-05-05,5245,,,261.0,260.0,,115.0,8.0,,,,,,,,
2020-05-04,5130,,,253.0,252.0,,251.0,5.0,,,,,,,,
2020-05-03,4879,,,248.0,252.0,,0.0,0.0,,,,,,,,
2020-05-02,4879,,,248.0,,,171.0,8.0,,,,,,,,
2020-05-01,4708,,,240.0,,,169.0,5.0,,,,,,,,
2020-04-30,4539,,,235.0,,,164.0,10.0,,,,,,,,
2020-04-29,4375,,,225.0,,,229.0,12.0,,,,,,,,
2020-04-28,4146,,,213.0,,,72.0,5.0,,,,,,,,
2020-04-27,4074,,,208.0,,,169.0,3.0,,,,,,,,
2020-04-26,3905,,,205.0,,,126.0,5.0,,,,,,,,
2020-04-25,3779,,,200.0,,,298.0,9.0,,,,,,,,
2020-04-24,3481,,,191.0,,,108.0,6.0,,,,,,,,
2020-04-23,3373,,,185.0,,,181.0,14.0,,,,,,,,
2020-04-22,3192,,,171.0,,,142.0,17.0,,,,,,,,
2020-04-21,3050,,,154.0,,,90.0,6.0,,,,,,,,
2020-04-20,2960,,,148.0,,,253.0,4.0,,,,,,,,
2020-04-19,2707,,,144.0,,,185.0,7.0,,,,,,,,
2020-04-18,2522,,,137.0,,,93.0,8.0,,,,,,,,
2020-04-17,2429,,,129.0,,,138.0,7.0,,,,,,,,
2020-04-16,2291,,,122.0,,,81.0,7.0,,,,,,,,
2020-04-15,2210,,,115.0,,,162.0,11.0,,,,,,,,
2020-04-14,2048,,,104.0,,,85.0,7.0,,,,,,,,
2020-04-13,1963,,,97.0,,,123.0,3.0,,,,,,,,
2020-04-12,1840,,,94.0,,,147.0,4.0,,,,,,,,
2020-04-11,1693,,,90.0,,,0.0,0.0,,,,,,,,
2020-04-10,1693,,,90.0,,,347.0,17.0,,,,,,,,
2020-04-09,1346,,,73.0,,,197.0,8.0,,,,,,,,
2020-04-08,1149,,,65.0,,,141.0,6.0,,,,,,,,
2020-04-07,1008,,,59.0,,,53.0,14.0,,,,,,,,
2020-04-06,955,,,45.0,,,38.0,5.0,,,,,,,,
2020-04-05,917,,,40.0,,,86.0,3.0,,,,,,,,
2020-04-04,831,,,37.0,,,61.0,6.0,,,,,,,,
2020-04-03,770,,,31.0,,,90.0,11.0,,,,,,,,
2020-04-02,680,,,20.0,,,89.0,3.0,,,,,,,,
2020-04-01,591,,,17.0,,,111.0,6.0,,,,,,,,
2020-03-31,480,,,11.0,,,41.0,2.0,,,,,,,,
2020-03-30,439,,,9.0,,,45.0,0.0,,,,,,,,
2020-03-29,394,,,9.0,,,92.0,1.0,,,,,,,,
2020-03-28,302,,,8.0,,,54.0,2.0,,,,,,,,
2020-03-27,248,,,6.0,,,50.0,2.0,,,,,,,,
2020-03-26,198,,,4.0,,,41.0,0.0,,,,,,,,
2020-03-25,157,,,4.0,,,33.0,0.0,,,,,,,,
2020-03-24,124,,,4.0,,,20.0,1.0,,,,,,,,
2020-03-23,104,,,3.0,,,5.0,0.0,,,,,,,,
2020-03-22,99,,,3.0,,,45.0,1.0,,,,,,,,
2020-03-21,54,,,2.0,,,7.0,1.0,,,,,,,,
2020-03-20,47,,,1.0,,,12.0,0.0,,,,,,,,
2020-03-19,35,,,1.0,,,9.0,0.0,,,,,,,,
2020-03-18,26,,,1.0,,,4.0,0.0,,,,,,,,
2020-03-17,22,,,1.0,,,1.0,0.0,,,,,,,,
2020-03-16,21,,,1.0,,,5.0,0.0,,,,,,,,
2020-03-15,16,,,1.0,,,2.0,0.0,,,,,,,,
2020-03-14,14,,,1.0,,,3.0,1.0,,,,,,,,
2020-03-13,11,,,,,,3.0,0.0,,,,,,,,
2020-03-12,8,,,,,,0.0,0.0,,,,,,,,
2020-03-11,8,,,,,,2.0,0.0,,,,,,,,
2020-03-10,6,,,,,,2.0,0.0,,,,,,,,
2020-03-09,4,,,,,,3.0,0.0,,,,,,,,
2020-03-08,1,,,,,,0.0,0.0,,,,,,,,
2020-03-07,1,,,,,,1.0,0.0,,,,,,,,
2020-03-06,0,,,,,,0.0,0.0,,,,,,,,