date,new_cases,new_deaths,actual_deaths,avg_cases,avg_deaths,avg_actual_deaths,cases_per_100k,avg_cases_per_100k,pct_chng_cases_weekly,pct_chng_deaths_weekly,pct_chng_adeaths_weekly,pct_chng_cases_biweekly,pct_chng_deaths_biweekly,pct_chng_adeaths_biweekly
2021-09-26,1563.0,31.0,31.0,3237.0,34.0,34.0,35.0,72.0,-15.0,0.0,0.0,-18.0,62.0,62.0
2021-09-25,3171.0,37.0,37.0,3397.0,33.0,33.0,71.0,76.0,-16.0,0.0,0.0,-15.0,43.0,43.0
2021-09-24,3941.0,26.0,26.0,3489.0,34.0,34.0,88.0,78.0,-18.0,10.0,10.0,-12.0,62.0,62.0
2021-09-23,4099.0,44.0,44.0,3659.0,37.0,37.0,92.0,82.0,-14.0,23.0,23.0,-9.0,61.0,61.0
2021-09-22,4418.0,52.0,52.0,3844.0,38.0,38.0,99.0,86.0,-7.0,41.0,41.0,-6.0,90.0,90.0
2021-09-21,3391.0,31.0,31.0,3789.0,34.0,34.0,76.0,85.0,-3.0,42.0,42.0,-14.0,48.0,48.0
2021-09-20,2075.0,17.0,17.0,3651.0,34.0,34.0,46.0,82.0,-7.0,55.0,55.0,-17.0,36.0,36.0
2021-09-19,2685.0,23.0,23.0,3799.0,34.0,34.0,60.0,85.0,-4.0,62.0,62.0,-13.0,36.0,36.0
2021-09-18,3811.0,48.0,48.0,4054.0,33.0,33.0,85.0,91.0,2.0,43.0,43.0,-5.0,43.0,43.0
2021-09-17,5133.0,45.0,45.0,4252.0,31.0,31.0,115.0,95.0,7.0,48.0,48.0,0.0,41.0,41.0
2021-09-15,5398.0,49.0,49.0,4269.0,30.0,30.0,121.0,96.0,7.0,30.0,30.0,1.0,58.0,58.0
2021-09-14,4030.0,24.0,24.0,4136.0,27.0,27.0,90.0,93.0,2.0,35.0,35.0,-2.0,0.0,0.0
2021-09-13,2426.0,29.0,29.0,3897.0,24.0,24.0,54.0,87.0,-11.0,4.0,4.0,-8.0,-8.0,-8.0
2021-09-12,3111.0,21.0,21.0,3914.0,22.0,22.0,70.0,88.0,-11.0,-12.0,-12.0,-7.0,-12.0,-12.0
2021-09-11,4470.0,18.0,18.0,3951.0,21.0,21.0,100.0,88.0,-10.0,-16.0,-16.0,-5.0,-12.0,-12.0
2021-09-10,5197.0,32.0,32.0,3989.0,23.0,23.0,116.0,89.0,-7.0,0.0,0.0,-1.0,-4.0,-4.0
2021-09-09,5252.0,36.0,36.0,3977.0,21.0,21.0,118.0,89.0,-6.0,-5.0,-5.0,2.0,-5.0,-5.0
2021-09-08,4468.0,30.0,30.0,4006.0,23.0,23.0,100.0,90.0,-5.0,21.0,21.0,5.0,15.0,15.0
2021-09-07,2356.0,5.0,5.0,4073.0,20.0,20.0,53.0,91.0,-3.0,-26.0,-26.0,12.0,67.0,67.0
2021-09-06,2541.0,9.0,9.0,4387.0,23.0,23.0,57.0,98.0,4.0,-12.0,-12.0,27.0,130.0,130.0
2021-09-05,3376.0,17.0,17.0,4398.0,25.0,25.0,76.0,98.0,4.0,0.0,0.0,30.0,178.0,178.0
2021-09-04,4732.0,29.0,29.0,4380.0,25.0,25.0,106.0,98.0,6.0,4.0,4.0,31.0,178.0,178.0
2021-09-03,5111.0,24.0,24.0,4282.0,23.0,23.0,114.0,96.0,6.0,-4.0,-4.0,34.0,188.0,188.0
2021-09-02,5457.0,45.0,45.0,4240.0,22.0,22.0,122.0,95.0,8.0,0.0,0.0,32.0,144.0,144.0
2021-09-01,4941.0,12.0,12.0,4232.0,19.0,19.0,111.0,95.0,11.0,-5.0,-5.0,46.0,111.0,111.0
2021-08-31,4548.0,23.0,23.0,4219.0,27.0,27.0,102.0,94.0,16.0,125.0,125.0,50.0,200.0,200.0
2021-08-30,2619.0,25.0,25.0,4232.0,26.0,26.0,59.0,95.0,23.0,160.0,160.0,56.0,189.0,189.0
2021-08-29,3249.0,18.0,18.0,4228.0,25.0,25.0,73.0,95.0,25.0,178.0,178.0,63.0,178.0,178.0
2021-08-28,4050.0,13.0,13.0,4140.0,24.0,24.0,91.0,93.0,24.0,167.0,167.0,67.0,200.0,200.0
2021-08-27,4815.0,18.0,18.0,4045.0,24.0,24.0,108.0,91.0,27.0,200.0,200.0,63.0,200.0,200.0
2021-08-26,5401.0,27.0,27.0,3910.0,22.0,22.0,121.0,88.0,22.0,144.0,144.0,72.0,214.0,214.0
2021-08-25,4849.0,65.0,65.0,3829.0,20.0,20.0,109.0,86.0,32.0,122.0,122.0,73.0,186.0,186.0
2021-08-24,4638.0,17.0,17.0,3647.0,12.0,12.0,104.0,82.0,29.0,33.0,33.0,69.0,100.0,100.0
2021-08-23,2596.0,17.0,17.0,3453.0,10.0,10.0,58.0,77.0,27.0,11.0,11.0,68.0,67.0,67.0
2021-08-22,2630.0,9.0,9.0,3382.0,9.0,9.0,59.0,76.0,30.0,0.0,0.0,68.0,80.0,80.0
2021-08-21,3387.0,15.0,15.0,3332.0,9.0,9.0,76.0,75.0,35.0,12.0,12.0,72.0,80.0,80.0
2021-08-20,3869.0,6.0,6.0,3191.0,8.0,8.0,87.0,71.0,29.0,0.0,0.0,75.0,60.0,60.0
2021-08-19,4836.0,9.0,9.0,3211.0,9.0,9.0,108.0,72.0,41.0,29.0,29.0,91.0,50.0,50.0
2021-08-18,3576.0,9.0,9.0,2907.0,9.0,9.0,80.0,65.0,32.0,29.0,29.0,82.0,80.0,80.0
2021-08-17,3276.0,8.0,8.0,2820.0,9.0,9.0,73.0,63.0,31.0,50.0,50.0,94.0,125.0,125.0
2021-08-16,2100.0,9.0,9.0,2709.0,9.0,9.0,47.0,61.0,32.0,50.0,50.0,96.0,125.0,125.0
2021-08-15,2280.0,8.0,8.0,2595.0,9.0,9.0,51.0,58.0,29.0,80.0,80.0,94.0,125.0,125.0
2021-08-14,2398.0,8.0,8.0,2475.0,8.0,8.0,54.0,55.0,28.0,60.0,60.0,93.0,100.0,100.0
2021-08-13,4009.0,12.0,12.0,2478.0,8.0,8.0,90.0,55.0,36.0,60.0,60.0,107.0,167.0,167.0
2021-08-12,2713.0,6.0,6.0,2278.0,7.0,7.0,61.0,51.0,35.0,17.0,17.0,106.0,133.0,133.0
2021-08-11,2961.0,14.0,14.0,2208.0,7.0,7.0,66.0,49.0,38.0,40.0,40.0,119.0,133.0,133.0
2021-08-10,2500.0,7.0,7.0,2154.0,6.0,6.0,56.0,48.0,48.0,50.0,50.0,135.0,100.0,100.0
2021-08-09,1301.0,7.0,7.0,2054.0,6.0,6.0,29.0,46.0,49.0,50.0,50.0,132.0,100.0,100.0
2021-08-08,1442.0,4.0,4.0,2018.0,5.0,5.0,32.0,45.0,50.0,25.0,25.0,149.0,67.0,67.0
2021-08-07,2420.0,4.0,4.0,1941.0,5.0,5.0,54.0,43.0,51.0,25.0,25.0,151.0,67.0,67.0
2021-08-06,2612.0,6.0,6.0,1820.0,5.0,5.0,58.0,41.0,52.0,67.0,67.0,155.0,25.0,25.0
2021-08-05,2217.0,4.0,4.0,1682.0,6.0,6.0,50.0,38.0,52.0,100.0,100.0,159.0,50.0,50.0
2021-08-04,2583.0,10.0,10.0,1597.0,5.0,5.0,58.0,36.0,58.0,67.0,67.0,168.0,25.0,25.0
2021-08-03,1803.0,4.0,4.0,1455.0,4.0,4.0,40.0,33.0,58.0,33.0,33.0,163.0,-20.0,-20.0
2021-08-02,1052.0,5.0,5.0,1380.0,4.0,4.0,24.0,31.0,56.0,33.0,33.0,194.0,-20.0,-20.0
2021-08-01,903.0,3.0,3.0,1341.0,4.0,4.0,20.0,30.0,66.0,33.0,33.0,192.0,-20.0,-20.0
2021-07-31,1571.0,6.0,6.0,1284.0,4.0,4.0,35.0,29.0,66.0,33.0,33.0,183.0,-20.0,-20.0
2021-07-30,1648.0,7.0,7.0,1199.0,3.0,3.0,37.0,27.0,68.0,-25.0,-25.0,182.0,-25.0,-25.0
2021-07-29,1618.0,2.0,2.0,1106.0,3.0,3.0,36.0,25.0,70.0,-25.0,-25.0,175.0,-25.0,-25.0
2021-07-28,1593.0,2.0,2.0,1008.0,3.0,3.0,36.0,23.0,69.0,-25.0,-25.0,172.0,-25.0,-25.0
2021-07-27,1273.0,4.0,4.0,918.0,3.0,3.0,28.0,21.0,66.0,-40.0,-40.0,177.0,-25.0,-25.0
2021-07-26,783.0,2.0,2.0,886.0,3.0,3.0,18.0,20.0,89.0,-40.0,-40.0,221.0,0.0,0.0
2021-07-25,504.0,2.0,2.0,809.0,3.0,3.0,11.0,18.0,76.0,-40.0,-40.0,208.0,0.0,0.0
2021-07-24,974.0,3.0,3.0,773.0,3.0,3.0,22.0,17.0,71.0,-40.0,-40.0,209.0,0.0,0.0
2021-07-23,994.0,4.0,4.0,713.0,4.0,4.0,22.0,16.0,68.0,0.0,0.0,215.0,0.0,0.0
2021-07-22,933.0,2.0,2.0,649.0,4.0,4.0,21.0,15.0,61.0,0.0,0.0,231.0,0.0,0.0
2021-07-21,963.0,2.0,2.0,596.0,4.0,4.0,22.0,13.0,61.0,0.0,0.0,233.0,0.0,0.0
2021-07-20,1054.0,3.0,3.0,554.0,5.0,5.0,24.0,12.0,67.0,25.0,25.0,222.0,25.0,25.0
2021-07-19,240.0,4.0,4.0,470.0,5.0,5.0,5.0,11.0,70.0,67.0,67.0,141.0,25.0,25.0
2021-07-18,250.0,5.0,5.0,460.0,5.0,5.0,6.0,10.0,75.0,67.0,67.0,137.0,25.0,25.0
2021-07-17,559.0,8.0,8.0,453.0,5.0,5.0,13.0,10.0,81.0,67.0,67.0,140.0,25.0,25.0
2021-07-16,541.0,3.0,3.0,425.0,4.0,4.0,12.0,10.0,88.0,0.0,0.0,132.0,0.0,0.0
2021-07-15,564.0,5.0,5.0,402.0,4.0,4.0,13.0,9.0,105.0,0.0,0.0,112.0,33.0,33.0
2021-07-14,669.0,5.0,5.0,370.0,4.0,4.0,15.0,8.0,107.0,0.0,0.0,97.0,33.0,33.0
2021-07-13,470.0,6.0,6.0,331.0,4.0,4.0,11.0,7.0,92.0,0.0,0.0,97.0,33.0,33.0
2021-07-12,164.0,2.0,2.0,276.0,3.0,3.0,4.0,6.0,42.0,-25.0,-25.0,69.0,0.0,0.0
2021-07-11,202.0,5.0,5.0,263.0,3.0,3.0,5.0,6.0,36.0,-25.0,-25.0,56.0,0.0,0.0
2021-07-10,368.0,3.0,3.0,250.0,3.0,3.0,8.0,6.0,32.0,-25.0,-25.0,46.0,0.0,0.0
2021-07-09,379.0,2.0,2.0,226.0,4.0,4.0,8.0,5.0,23.0,0.0,0.0,29.0,33.0,33.0
2021-07-08,337.0,3.0,3.0,196.0,4.0,4.0,8.0,4.0,3.0,33.0,33.0,13.0,33.0,33.0
2021-07-07,397.0,5.0,5.0,179.0,4.0,4.0,9.0,4.0,-5.0,33.0,33.0,-1.0,33.0,33.0
2021-07-06,87.0,3.0,3.0,172.0,4.0,4.0,2.0,4.0,2.0,33.0,33.0,-7.0,33.0,33.0
2021-07-05,74.0,2.0,2.0,195.0,4.0,4.0,2.0,4.0,20.0,33.0,33.0,-1.0,0.0,0.0
2021-07-04,108.0,3.0,3.0,194.0,4.0,4.0,2.0,4.0,15.0,33.0,33.0,-2.0,0.0,0.0
2021-07-03,200.0,8.0,8.0,189.0,4.0,4.0,4.0,4.0,11.0,33.0,33.0,-5.0,0.0,0.0
2021-07-02,172.0,6.0,6.0,183.0,4.0,4.0,4.0,4.0,5.0,33.0,33.0,-14.0,-20.0,-20.0
2021-07-01,215.0,3.0,3.0,190.0,3.0,3.0,5.0,4.0,9.0,0.0,0.0,-12.0,-50.0,-50.0
2021-06-30,351.0,3.0,3.0,188.0,3.0,3.0,8.0,4.0,4.0,0.0,0.0,-15.0,-62.0,-62.0
2021-06-29,244.0,5.0,5.0,168.0,3.0,3.0,5.0,4.0,-9.0,0.0,0.0,-30.0,-67.0,-67.0
2021-06-28,69.0,2.0,2.0,163.0,3.0,3.0,2.0,4.0,-17.0,-25.0,-25.0,-43.0,-67.0,-67.0
2021-06-27,70.0,3.0,3.0,169.0,3.0,3.0,2.0,4.0,-15.0,-25.0,-25.0,-38.0,-67.0,-67.0
2021-06-26,161.0,3.0,3.0,171.0,3.0,3.0,4.0,4.0,-14.0,-25.0,-25.0,-37.0,-67.0,-67.0
2021-06-25,218.0,4.0,4.0,175.0,3.0,3.0,5.0,4.0,-17.0,-40.0,-40.0,-38.0,-67.0,-67.0
2021-06-24,204.0,4.0,4.0,174.0,3.0,3.0,5.0,4.0,-19.0,-50.0,-50.0,-47.0,-67.0,-62.0
2021-06-23,210.0,2.0,2.0,181.0,3.0,3.0,5.0,4.0,-18.0,-62.0,-62.0,-48.0,-57.0,-40.0
2021-06-22,208.0,4.0,4.0,185.0,3.0,3.0,5.0,4.0,-23.0,-67.0,-67.0,-48.0,-50.0,-25.0
2021-06-21,115.0,3.0,3.0,196.0,4.0,4.0,3.0,4.0,-31.0,-56.0,-56.0,-32.0,-20.0,0.0
2021-06-20,83.0,3.0,3.0,198.0,4.0,4.0,2.0,4.0,-27.0,-56.0,-56.0,-34.0,-20.0,33.0
2021-06-19,187.0,4.0,4.0,199.0,4.0,4.0,4.0,4.0,-27.0,-56.0,-56.0,-37.0,-20.0,100.0
2021-06-18,211.0,2.0,2.0,212.0,5.0,5.0,5.0,5.0,-25.0,-44.0,-44.0,-33.0,0.0,150.0
2021-06-17,255.0,3.0,3.0,216.0,6.0,6.0,6.0,5.0,-34.0,-33.0,-25.0,-28.0,20.0,200.0
2021-06-16,233.0,4.0,4.0,221.0,8.0,8.0,5.0,5.0,-36.0,14.0,60.0,-26.0,100.0,300.0
2021-06-15,290.0,8.0,8.0,239.0,9.0,9.0,6.0,5.0,-33.0,50.0,125.0,-20.0,50.0,350.0
2021-06-14,129.0,5.0,5.0,285.0,9.0,9.0,3.0,6.0,-2.0,80.0,125.0,-21.0,50.0,200.0
2021-06-13,88.0,3.0,3.0,272.0,9.0,9.0,2.0,6.0,-9.0,80.0,200.0,-30.0,50.0,200.0
2021-06-12,279.0,8.0,8.0,271.0,9.0,9.0,6.0,6.0,-14.0,80.0,350.0,-30.0,29.0,200.0
2021-06-11,237.0,9.0,9.0,284.0,9.0,9.0,5.0,6.0,-11.0,80.0,350.0,-28.0,29.0,200.0
2021-06-10,289.0,17.0,17.0,326.0,9.0,8.0,6.0,7.0,8.0,80.0,300.0,-21.0,29.0,167.0
2021-06-09,361.0,12.0,12.0,346.0,7.0,5.0,8.0,8.0,15.0,75.0,150.0,-20.0,-12.0,67.0
2021-06-08,614.0,6.0,6.0,358.0,6.0,4.0,14.0,8.0,19.0,0.0,100.0,-21.0,-14.0,33.0
2021-06-07,36.0,5.0,5.0,290.0,5.0,4.0,1.0,6.0,-20.0,-17.0,33.0,-38.0,-38.0,100.0
2021-06-06,83.0,7.0,7.0,299.0,5.0,3.0,2.0,7.0,-23.0,-17.0,0.0,-36.0,-38.0,50.0
2021-06-05,369.0,5.0,5.0,316.0,5.0,2.0,8.0,7.0,-19.0,-29.0,-33.0,-34.0,-38.0,-33.0
2021-06-04,531.0,9.0,1.0,318.0,5.0,2.0,12.0,7.0,-19.0,-29.0,-33.0,-35.0,-38.0,-33.0
2021-06-03,429.0,6.0,2.0,301.0,5.0,2.0,10.0,7.0,-27.0,-29.0,-33.0,-38.0,-38.0,-33.0
2021-06-02,445.0,4.0,2.0,300.0,4.0,2.0,10.0,7.0,-31.0,-50.0,-33.0,-40.0,-33.0,-33.0
2021-06-01,137.0,1.0,3.0,300.0,6.0,2.0,3.0,7.0,-34.0,-14.0,-33.0,-42.0,-14.0,-33.0
2021-05-31,96.0,3.0,1.0,363.0,6.0,3.0,2.0,8.0,-22.0,-25.0,50.0,-32.0,-33.0,-25.0
2021-05-30,205.0,7.0,1.0,387.0,6.0,3.0,5.0,9.0,-17.0,-25.0,50.0,-25.0,-33.0,-25.0
2021-05-29,383.0,6.0,5.0,388.0,7.0,3.0,9.0,9.0,-19.0,-12.0,0.0,-23.0,-22.0,0.0
2021-05-28,415.0,6.0,1.0,394.0,7.0,3.0,9.0,9.0,-19.0,-12.0,0.0,-23.0,-36.0,-25.0
2021-05-27,421.0,2.0,2.0,413.0,7.0,3.0,9.0,9.0,-16.0,-12.0,0.0,-21.0,-42.0,-25.0
2021-05-26,440.0,16.0,2.0,435.0,8.0,3.0,10.0,10.0,-14.0,33.0,0.0,-16.0,-33.0,-25.0
2021-05-25,580.0,4.0,6.0,456.0,7.0,3.0,13.0,10.0,-12.0,0.0,0.0,-13.0,-42.0,0.0
2021-05-24,263.0,3.0,3.0,465.0,8.0,2.0,6.0,10.0,-13.0,-11.0,-50.0,-12.0,-20.0,-33.0
2021-05-23,215.0,11.0,2.0,468.0,8.0,2.0,5.0,10.0,-9.0,-11.0,-50.0,-14.0,-11.0,-33.0
2021-05-22,426.0,5.0,4.0,479.0,8.0,3.0,10.0,11.0,-5.0,-11.0,0.0,-16.0,0.0,-25.0
2021-05-21,544.0,5.0,1.0,487.0,8.0,3.0,12.0,11.0,-5.0,-27.0,-25.0,-17.0,14.0,-25.0
2021-05-20,575.0,13.0,3.0,489.0,8.0,3.0,13.0,11.0,-6.0,-33.0,-25.0,-18.0,33.0,0.0
2021-05-19,588.0,5.0,3.0,504.0,6.0,3.0,13.0,11.0,-3.0,-50.0,-25.0,-19.0,-14.0,-25.0
2021-05-18,645.0,11.0,0.0,517.0,7.0,3.0,14.0,12.0,-1.0,-42.0,0.0,-17.0,0.0,-25.0
2021-05-17,285.0,6.0,4.0,533.0,9.0,4.0,6.0,12.0,1.0,-10.0,33.0,-13.0,29.0,0.0
2021-05-16,287.0,8.0,4.0,516.0,9.0,4.0,6.0,12.0,-6.0,0.0,33.0,-14.0,29.0,0.0
2021-05-15,488.0,5.0,4.0,503.0,9.0,3.0,11.0,11.0,-12.0,12.0,-25.0,-15.0,29.0,-25.0
2021-05-14,558.0,6.0,5.0,511.0,11.0,4.0,12.0,11.0,-13.0,57.0,0.0,-11.0,22.0,0.0
2021-05-13,674.0,4.0,1.0,522.0,12.0,4.0,15.0,12.0,-13.0,100.0,33.0,-6.0,33.0,-20.0
2021-05-12,680.0,9.0,5.0,520.0,12.0,4.0,15.0,12.0,-16.0,71.0,0.0,-2.0,50.0,-20.0
2021-05-11,758.0,23.0,4.0,524.0,12.0,3.0,17.0,12.0,-16.0,71.0,-25.0,-3.0,50.0,-40.0
2021-05-10,167.0,9.0,3.0,526.0,10.0,3.0,4.0,12.0,-15.0,43.0,-25.0,1.0,25.0,-40.0
2021-05-09,195.0,8.0,1.0,547.0,9.0,3.0,4.0,12.0,-9.0,29.0,-25.0,4.0,12.0,-50.0
2021-05-08,544.0,18.0,6.0,572.0,8.0,4.0,12.0,13.0,-4.0,14.0,0.0,10.0,0.0,-20.0
2021-05-07,638.0,10.0,6.0,587.0,7.0,4.0,14.0,13.0,2.0,-22.0,0.0,10.0,40.0,-20.0
2021-05-06,655.0,5.0,1.0,599.0,6.0,3.0,15.0,13.0,8.0,-33.0,-40.0,9.0,0.0,-40.0
2021-05-05,710.0,10.0,2.0,619.0,7.0,4.0,16.0,14.0,16.0,-12.0,-20.0,7.0,0.0,0.0
2021-05-04,776.0,7.0,5.0,624.0,7.0,4.0,17.0,14.0,16.0,-12.0,-20.0,8.0,-12.0,-20.0
2021-05-03,313.0,5.0,3.0,616.0,7.0,4.0,7.0,14.0,18.0,-12.0,-20.0,2.0,-12.0,0.0
2021-05-02,368.0,3.0,3.0,601.0,7.0,4.0,8.0,13.0,14.0,-12.0,-33.0,-1.0,-12.0,0.0
2021-05-01,646.0,9.0,5.0,595.0,7.0,4.0,14.0,13.0,15.0,-12.0,-20.0,-4.0,-22.0,-20.0
2021-04-30,723.0,4.0,2.0,573.0,9.0,4.0,16.0,13.0,8.0,80.0,-20.0,-6.0,-10.0,-20.0
2021-04-29,796.0,10.0,5.0,556.0,9.0,5.0,18.0,12.0,1.0,50.0,0.0,-9.0,0.0,25.0
2021-04-28,747.0,9.0,3.0,532.0,8.0,5.0,17.0,12.0,-8.0,14.0,25.0,-9.0,-11.0,0.0
2021-04-27,716.0,10.0,4.0,538.0,8.0,5.0,16.0,12.0,-7.0,0.0,0.0,-14.0,0.0,0.0
2021-04-26,213.0,4.0,5.0,522.0,8.0,5.0,5.0,12.0,-14.0,0.0,25.0,-6.0,-11.0,0.0
2021-04-25,325.0,4.0,7.0,525.0,8.0,6.0,7.0,12.0,-14.0,0.0,50.0,-2.0,0.0,20.0
2021-04-24,489.0,22.0,4.0,518.0,8.0,5.0,11.0,12.0,-17.0,-11.0,0.0,-1.0,0.0,0.0
2021-04-23,607.0,5.0,6.0,533.0,5.0,5.0,14.0,12.0,-13.0,-50.0,0.0,-1.0,-38.0,0.0
2021-04-22,628.0,5.0,7.0,549.0,6.0,5.0,14.0,12.0,-11.0,-33.0,25.0,4.0,-25.0,0.0
2021-04-21,785.0,7.0,2.0,578.0,7.0,4.0,18.0,13.0,-2.0,-22.0,-20.0,0.0,0.0,-20.0
2021-04-20,609.0,7.0,7.0,578.0,8.0,5.0,14.0,13.0,-7.0,0.0,0.0,6.0,-11.0,0.0
2021-04-19,231.0,4.0,6.0,605.0,8.0,4.0,5.0,14.0,9.0,-11.0,-20.0,0.0,-20.0,-20.0
2021-04-18,275.0,4.0,3.0,610.0,8.0,4.0,6.0,14.0,14.0,0.0,-20.0,-3.0,-27.0,-33.0
2021-04-17,599.0,3.0,4.0,623.0,9.0,5.0,13.0,14.0,19.0,12.0,0.0,-3.0,-18.0,-17.0
2021-04-16,713.0,10.0,4.0,610.0,10.0,5.0,16.0,14.0,14.0,25.0,0.0,-6.0,-17.0,0.0
2021-04-15,834.0,17.0,3.0,614.0,9.0,4.0,19.0,14.0,16.0,12.0,-20.0,-4.0,-44.0,-33.0
2021-04-14,782.0,14.0,6.0,587.0,9.0,5.0,18.0,13.0,2.0,29.0,0.0,-3.0,-44.0,-29.0
2021-04-13,799.0,3.0,5.0,622.0,8.0,5.0,18.0,14.0,14.0,-11.0,0.0,6.0,-53.0,-29.0
2021-04-12,270.0,7.0,3.0,557.0,9.0,5.0,6.0,12.0,-8.0,-10.0,0.0,-9.0,-44.0,-17.0
2021-04-11,366.0,8.0,8.0,535.0,8.0,5.0,8.0,12.0,-15.0,-27.0,-17.0,-12.0,-50.0,-17.0
2021-04-10,505.0,10.0,3.0,525.0,8.0,5.0,11.0,12.0,-18.0,-27.0,-17.0,-13.0,-56.0,-38.0
2021-04-09,744.0,4.0,1.0,537.0,8.0,5.0,17.0,12.0,-17.0,-33.0,0.0,-11.0,-58.0,-38.0
2021-04-08,645.0,16.0,8.0,529.0,8.0,5.0,14.0,12.0,-18.0,-50.0,-17.0,-14.0,-58.0,-38.0
2021-04-07,1028.0,10.0,6.0,576.0,7.0,5.0,23.0,13.0,-5.0,-56.0,-29.0,-8.0,-91.0,-29.0
2021-04-06,344.0,7.0,7.0,545.0,9.0,5.0,8.0,12.0,-7.0,-47.0,-29.0,-18.0,-89.0,-38.0
2021-04-05,110.0,4.0,5.0,603.0,10.0,5.0,2.0,13.0,-1.0,-38.0,-17.0,-7.0,-88.0,-38.0
2021-04-04,299.0,5.0,3.0,632.0,11.0,6.0,7.0,14.0,4.0,-31.0,0.0,-5.0,-87.0,-14.0
2021-04-03,587.0,8.0,7.0,641.0,11.0,6.0,13.0,14.0,7.0,-39.0,-25.0,-6.0,-87.0,0.0
2021-04-02,690.0,3.0,2.0,648.0,12.0,5.0,15.0,15.0,8.0,-37.0,-38.0,-6.0,-86.0,0.0
2021-04-01,972.0,13.0,6.0,642.0,16.0,6.0,22.0,14.0,5.0,-16.0,-25.0,-11.0,-81.0,0.0
2021-03-31,815.0,22.0,5.0,607.0,16.0,7.0,18.0,14.0,-3.0,-80.0,0.0,-22.0,-36.0,0.0
2021-03-30,751.0,13.0,8.0,589.0,17.0,7.0,17.0,13.0,-11.0,-79.0,-12.0,-25.0,-35.0,0.0
2021-03-29,310.0,11.0,10.0,610.0,16.0,6.0,7.0,14.0,-6.0,-80.0,-25.0,-24.0,-36.0,-14.0
2021-03-28,361.0,8.0,1.0,607.0,16.0,6.0,8.0,14.0,-9.0,-81.0,-14.0,-23.0,-30.0,-14.0
2021-03-27,637.0,15.0,5.0,601.0,18.0,8.0,14.0,13.0,-12.0,-79.0,33.0,-25.0,-22.0,0.0
2021-03-26,646.0,27.0,9.0,602.0,19.0,8.0,14.0,13.0,-12.0,-77.0,60.0,-27.0,-32.0,0.0
2021-03-25,726.0,19.0,8.0,614.0,19.0,8.0,16.0,14.0,-15.0,-77.0,33.0,-25.0,-30.0,-11.0
2021-03-24,695.0,24.0,6.0,623.0,80.0,7.0,16.0,14.0,-20.0,220.0,0.0,-22.0,208.0,-12.0
2021-03-23,893.0,11.0,5.0,661.0,80.0,8.0,20.0,15.0,-16.0,208.0,14.0,-19.0,208.0,14.0
2021-03-22,294.0,11.0,11.0,650.0,82.0,8.0,7.0,15.0,-19.0,228.0,14.0,-23.0,228.0,33.0
2021-03-21,316.0,16.0,11.0,665.0,84.0,7.0,7.0,15.0,-16.0,265.0,0.0,-24.0,223.0,0.0
2021-03-20,644.0,25.0,6.0,683.0,84.0,6.0,14.0,15.0,-15.0,265.0,-25.0,-24.0,223.0,-14.0
2021-03-19,731.0,25.0,6.0,688.0,83.0,5.0,16.0,15.0,-16.0,196.0,-38.0,-25.0,277.0,-29.0
2021-03-18,785.0,448.0,7.0,721.0,83.0,6.0,18.0,16.0,-12.0,207.0,-33.0,-25.0,261.0,-14.0
2021-03-17,963.0,27.0,9.0,782.0,25.0,7.0,22.0,18.0,-2.0,-4.0,-12.0,-23.0,0.0,-22.0
2021-03-16,819.0,24.0,6.0,789.0,26.0,7.0,18.0,18.0,-4.0,0.0,0.0,-24.0,-7.0,-36.0
2021-03-15,396.0,23.0,1.0,798.0,25.0,7.0,9.0,18.0,-6.0,0.0,17.0,-27.0,-7.0,-42.0
2021-03-14,445.0,16.0,6.0,788.0,23.0,7.0,10.0,18.0,-10.0,-12.0,0.0,-28.0,-15.0,-42.0
2021-03-13,679.0,16.0,1.0,800.0,23.0,8.0,15.0,18.0,-11.0,-12.0,14.0,-30.0,-18.0,-38.0
2021-03-12,963.0,29.0,12.0,823.0,28.0,8.0,22.0,18.0,-11.0,27.0,14.0,-30.0,0.0,-43.0
2021-03-11,1211.0,37.0,11.0,817.0,27.0,9.0,27.0,18.0,-15.0,17.0,29.0,-37.0,-4.0,-40.0
2021-03-10,1010.0,34.0,10.0,796.0,26.0,8.0,23.0,18.0,-21.0,4.0,-11.0,-35.0,-4.0,-43.0
2021-03-09,880.0,21.0,7.0,820.0,26.0,7.0,20.0,18.0,-21.0,-7.0,-36.0,-31.0,13.0,-53.0
2021-03-08,331.0,10.0,5.0,849.0,25.0,6.0,7.0,19.0,-22.0,-7.0,-50.0,-26.0,4.0,-60.0
2021-03-07,526.0,13.0,7.0,874.0,26.0,7.0,12.0,20.0,-20.0,-4.0,-42.0,-26.0,8.0,-59.0
2021-03-06,840.0,52.0,7.0,895.0,26.0,7.0,19.0,20.0,-21.0,-7.0,-46.0,-30.0,18.0,-59.0
2021-03-05,920.0,22.0,13.0,922.0,22.0,7.0,21.0,21.0,-22.0,-21.0,-50.0,-23.0,5.0,-61.0
2021-03-04,1068.0,28.0,4.0,959.0,23.0,7.0,24.0,21.0,-26.0,-18.0,-53.0,-15.0,0.0,-67.0
2021-03-03,1175.0,33.0,4.0,1013.0,25.0,9.0,26.0,23.0,-18.0,-7.0,-36.0,-19.0,9.0,-59.0
2021-03-02,1080.0,19.0,4.0,1032.0,28.0,11.0,24.0,23.0,-13.0,22.0,-27.0,-25.0,4.0,-50.0
2021-03-01,509.0,15.0,9.0,1091.0,27.0,12.0,11.0,24.0,-5.0,12.0,-20.0,-29.0,-7.0,-48.0
2021-02-28,675.0,12.0,10.0,1094.0,27.0,12.0,15.0,24.0,-7.0,12.0,-29.0,-31.0,-18.0,-48.0
2021-02-27,1025.0,25.0,7.0,1138.0,28.0,13.0,23.0,25.0,-11.0,27.0,-24.0,-27.0,-22.0,-48.0
2021-02-26,1180.0,30.0,11.0,1182.0,28.0,14.0,26.0,26.0,-2.0,33.0,-22.0,-32.0,-30.0,-46.0
2021-02-25,1447.0,43.0,17.0,1298.0,28.0,15.0,32.0,29.0,15.0,22.0,-29.0,-30.0,-32.0,-40.0
2021-02-24,1306.0,51.0,18.0,1229.0,27.0,14.0,29.0,28.0,-2.0,17.0,-36.0,-36.0,-40.0,-48.0
2021-02-23,1497.0,16.0,13.0,1187.0,23.0,15.0,34.0,27.0,-14.0,-15.0,-32.0,-42.0,-49.0,-44.0
2021-02-22,530.0,13.0,10.0,1153.0,24.0,15.0,12.0,26.0,-25.0,-17.0,-35.0,-44.0,-45.0,-44.0
2021-02-21,979.0,21.0,16.0,1180.0,24.0,17.0,22.0,26.0,-25.0,-27.0,-26.0,-45.0,-45.0,-39.0
2021-02-20,1333.0,25.0,13.0,1285.0,22.0,17.0,30.0,29.0,-17.0,-39.0,-32.0,-41.0,-50.0,-37.0
2021-02-19,1993.0,28.0,20.0,1204.0,21.0,18.0,45.0,27.0,-30.0,-48.0,-31.0,-47.0,-51.0,-36.0
2021-02-18,963.0,37.0,11.0,1125.0,23.0,21.0,22.0,25.0,-39.0,-44.0,-16.0,-51.0,-48.0,-25.0
2021-02-17,1017.0,18.0,19.0,1256.0,23.0,22.0,23.0,28.0,-35.0,-49.0,-19.0,-47.0,-50.0,-19.0
2021-02-16,1255.0,27.0,19.0,1384.0,27.0,22.0,28.0,31.0,-32.0,-40.0,-19.0,-41.0,-40.0,-24.0
2021-02-15,723.0,9.0,21.0,1539.0,29.0,23.0,16.0,34.0,-25.0,-34.0,-15.0,-36.0,-37.0,-26.0
2021-02-14,1710.0,10.0,16.0,1579.0,33.0,23.0,38.0,35.0,-26.0,-25.0,-18.0,-33.0,-28.0,-28.0
2021-02-13,769.0,19.0,22.0,1554.0,36.0,25.0,17.0,35.0,-28.0,-18.0,-7.0,-35.0,-23.0,-26.0
2021-02-12,1440.0,42.0,36.0,1729.0,40.0,26.0,32.0,39.0,-24.0,-7.0,-7.0,-32.0,-15.0,-24.0
2021-02-11,1880.0,36.0,18.0,1847.0,41.0,25.0,42.0,41.0,-20.0,-7.0,-11.0,-28.0,-7.0,-29.0
2021-02-10,1914.0,49.0,25.0,1935.0,45.0,27.0,43.0,43.0,-19.0,-2.0,0.0,-28.0,5.0,-27.0
2021-02-09,2339.0,35.0,21.0,2032.0,45.0,27.0,52.0,45.0,-14.0,0.0,-7.0,-28.0,5.0,-25.0
2021-02-08,1003.0,40.0,24.0,2047.0,44.0,27.0,22.0,46.0,-14.0,-4.0,-13.0,-26.0,5.0,-29.0
2021-02-07,1532.0,31.0,31.0,2136.0,44.0,28.0,34.0,48.0,-9.0,-4.0,-12.0,-25.0,5.0,-30.0
2021-02-06,1998.0,49.0,25.0,2169.0,44.0,27.0,45.0,49.0,-9.0,-6.0,-21.0,-25.0,5.0,-34.0
2021-02-05,2261.0,50.0,29.0,2262.0,43.0,28.0,51.0,51.0,-11.0,-9.0,-18.0,-19.0,10.0,-33.0
2021-02-04,2500.0,58.0,31.0,2312.0,44.0,28.0,56.0,52.0,-10.0,0.0,-20.0,-22.0,19.0,-35.0
2021-02-03,2592.0,51.0,28.0,2376.0,46.0,27.0,58.0,53.0,-11.0,7.0,-27.0,-21.0,28.0,-39.0
2021-02-02,2443.0,32.0,22.0,2352.0,45.0,29.0,55.0,53.0,-16.0,5.0,-19.0,-26.0,25.0,-37.0
2021-02-01,1623.0,35.0,28.0,2390.0,46.0,31.0,36.0,53.0,-13.0,10.0,-18.0,-28.0,31.0,-31.0
2021-01-31,1768.0,31.0,25.0,2340.0,46.0,32.0,40.0,52.0,-18.0,10.0,-20.0,-29.0,44.0,-27.0
2021-01-30,2649.0,46.0,31.0,2375.0,47.0,34.0,59.0,53.0,-18.0,12.0,-17.0,-31.0,52.0,-23.0
2021-01-29,2608.0,57.0,33.0,2539.0,47.0,34.0,58.0,57.0,-9.0,21.0,-19.0,-29.0,62.0,-21.0
2021-01-28,2947.0,69.0,22.0,2560.0,44.0,35.0,66.0,57.0,-14.0,19.0,-19.0,-31.0,57.0,-22.0
2021-01-27,2424.0,47.0,42.0,2672.0,43.0,37.0,54.0,60.0,-12.0,19.0,-16.0,-30.0,65.0,-16.0
2021-01-26,2714.0,35.0,37.0,2816.0,43.0,36.0,61.0,63.0,-12.0,19.0,-22.0,-30.0,72.0,-18.0
2021-01-25,1268.0,39.0,33.0,2750.0,42.0,38.0,28.0,62.0,-17.0,20.0,-16.0,-28.0,68.0,-14.0
2021-01-24,2018.0,35.0,38.0,2854.0,42.0,40.0,45.0,64.0,-14.0,31.0,-9.0,-26.0,68.0,-11.0
2021-01-23,3795.0,49.0,36.0,2903.0,42.0,41.0,85.0,65.0,-16.0,35.0,-7.0,-24.0,68.0,-13.0
2021-01-22,2756.0,36.0,38.0,2803.0,39.0,42.0,62.0,63.0,-22.0,34.0,-2.0,-18.0,50.0,-9.0
2021-01-21,3728.0,58.0,35.0,2975.0,37.0,43.0,83.0,67.0,-20.0,32.0,-4.0,-6.0,42.0,-4.0
2021-01-20,3433.0,49.0,38.0,3025.0,36.0,44.0,77.0,68.0,-21.0,38.0,0.0,-1.0,38.0,-4.0
2021-01-19,2250.0,27.0,51.0,3186.0,36.0,46.0,50.0,71.0,-20.0,44.0,5.0,14.0,44.0,-6.0
2021-01-18,1998.0,40.0,42.0,3301.0,35.0,45.0,45.0,74.0,-14.0,40.0,2.0,12.0,30.0,-8.0
2021-01-17,2362.0,34.0,44.0,3314.0,32.0,44.0,53.0,74.0,-14.0,28.0,-2.0,17.0,33.0,-12.0
2021-01-16,3096.0,32.0,45.0,3438.0,31.0,44.0,69.0,77.0,-10.0,24.0,-6.0,30.0,35.0,-12.0
2021-01-15,3955.0,19.0,44.0,3601.0,29.0,43.0,89.0,81.0,6.0,12.0,-7.0,42.0,38.0,-17.0
2021-01-14,4084.0,51.0,45.0,3715.0,28.0,45.0,91.0,83.0,17.0,8.0,0.0,58.0,40.0,-15.0
2021-01-13,4560.0,47.0,50.0,3833.0,26.0,44.0,102.0,86.0,25.0,0.0,-4.0,78.0,18.0,-15.0
2021-01-12,3053.0,22.0,43.0,4002.0,25.0,44.0,68.0,90.0,44.0,0.0,-10.0,97.0,14.0,-19.0
2021-01-11,2085.0,21.0,39.0,3820.0,25.0,44.0,47.0,86.0,29.0,-7.0,-10.0,87.0,14.0,-20.0
2021-01-10,3232.0,25.0,39.0,3854.0,25.0,45.0,72.0,86.0,36.0,4.0,-10.0,82.0,9.0,-18.0
2021-01-09,4240.0,20.0,41.0,3800.0,25.0,47.0,95.0,85.0,44.0,9.0,-6.0,76.0,9.0,-19.0
2021-01-08,4750.0,13.0,57.0,3405.0,26.0,46.0,106.0,76.0,34.0,24.0,-12.0,35.0,-4.0,-21.0
2021-01-07,4911.0,37.0,41.0,3172.0,26.0,45.0,110.0,71.0,35.0,30.0,-15.0,16.0,-10.0,-22.0
2021-01-06,5742.0,34.0,45.0,3063.0,26.0,46.0,129.0,69.0,42.0,18.0,-12.0,9.0,-10.0,-23.0
2021-01-05,1781.0,23.0,46.0,2783.0,25.0,49.0,40.0,62.0,37.0,14.0,-9.0,-1.0,-14.0,-16.0
2021-01-04,2319.0,26.0,48.0,2956.0,27.0,49.0,52.0,66.0,45.0,23.0,-11.0,6.0,0.0,-14.0
2021-01-03,2860.0,25.0,48.0,2833.0,24.0,50.0,64.0,63.0,34.0,4.0,-9.0,3.0,-11.0,-11.0
2021-01-02,1470.0,22.0,38.0,2640.0,23.0,50.0,33.0,59.0,23.0,0.0,-14.0,-8.0,-12.0,-7.0
2021-01-01,3124.0,14.0,49.0,2539.0,21.0,52.0,70.0,57.0,0.0,-22.0,-10.0,-12.0,-16.0,0.0
2020-12-31,4145.0,39.0,51.0,2350.0,20.0,53.0,93.0,53.0,-14.0,-31.0,-9.0,-21.0,-17.0,0.0
2020-12-30,3784.0,29.0,61.0,2150.0,22.0,52.0,85.0,48.0,-24.0,-24.0,-13.0,-31.0,5.0,0.0
2020-12-29,2990.0,31.0,47.0,2031.0,22.0,54.0,67.0,45.0,-28.0,-24.0,-7.0,-36.0,10.0,8.0
2020-12-28,1455.0,8.0,57.0,2040.0,22.0,55.0,33.0,46.0,-27.0,-19.0,-4.0,-36.0,10.0,10.0
2020-12-27,1509.0,21.0,47.0,2117.0,23.0,55.0,34.0,47.0,-23.0,-15.0,-2.0,-34.0,21.0,6.0
2020-12-26,764.0,4.0,52.0,2153.0,23.0,58.0,17.0,48.0,-25.0,-12.0,7.0,-34.0,21.0,7.0
2020-12-25,1803.0,11.0,58.0,2528.0,27.0,58.0,40.0,57.0,-12.0,8.0,12.0,-23.0,50.0,2.0
2020-12-24,2742.0,53.0,43.0,2725.0,29.0,58.0,61.0,61.0,-8.0,21.0,9.0,-17.0,53.0,2.0
2020-12-23,2953.0,26.0,73.0,2811.0,29.0,60.0,66.0,63.0,-9.0,38.0,15.0,-13.0,45.0,5.0
2020-12-22,3057.0,28.0,57.0,2803.0,29.0,58.0,68.0,63.0,-12.0,45.0,16.0,-13.0,26.0,0.0
2020-12-21,1988.0,15.0,57.0,2788.0,27.0,57.0,44.0,62.0,-13.0,35.0,14.0,-18.0,8.0,2.0
2020-12-20,1765.0,26.0,65.0,2761.0,27.0,56.0,40.0,62.0,-14.0,42.0,8.0,-19.0,8.0,0.0
2020-12-19,3388.0,27.0,56.0,2859.0,26.0,54.0,76.0,64.0,-12.0,37.0,0.0,-17.0,4.0,4.0
2020-12-18,3179.0,28.0,56.0,2884.0,25.0,52.0,71.0,65.0,-12.0,39.0,-9.0,-11.0,4.0,2.0
2020-12-17,3349.0,54.0,53.0,2957.0,24.0,53.0,75.0,66.0,-10.0,26.0,-7.0,-0.0,14.0,13.0
2020-12-16,2898.0,23.0,59.0,3096.0,21.0,52.0,65.0,69.0,-4.0,5.0,-9.0,5.0,0.0,16.0
2020-12-15,2946.0,15.0,54.0,3179.0,20.0,50.0,66.0,71.0,-2.0,-13.0,-14.0,8.0,5.0,11.0
2020-12-14,1802.0,17.0,47.0,3203.0,20.0,50.0,40.0,72.0,-5.0,-20.0,-11.0,17.0,18.0,9.0
2020-12-13,2454.0,15.0,51.0,3228.0,19.0,52.0,55.0,72.0,-5.0,-24.0,-7.0,18.0,19.0,21.0
2020-12-12,3558.0,24.0,41.0,3244.0,19.0,54.0,80.0,73.0,-6.0,-24.0,4.0,23.0,27.0,29.0
2020-12-11,3691.0,22.0,63.0,3292.0,18.0,57.0,83.0,74.0,2.0,-25.0,12.0,17.0,12.0,39.0
2020-12-10,4324.0,28.0,51.0,3281.0,19.0,57.0,97.0,73.0,11.0,-10.0,21.0,5.0,6.0,33.0
2020-12-09,3481.0,16.0,45.0,3219.0,20.0,57.0,78.0,72.0,9.0,-5.0,27.0,4.0,11.0,30.0
2020-12-08,3114.0,20.0,54.0,3236.0,23.0,58.0,70.0,72.0,10.0,21.0,29.0,8.0,44.0,32.0
2020-12-07,1972.0,10.0,57.0,3385.0,25.0,56.0,44.0,76.0,24.0,47.0,22.0,12.0,39.0,30.0
2020-12-06,2567.0,10.0,68.0,3406.0,25.0,56.0,57.0,76.0,25.0,56.0,30.0,16.0,39.0,24.0
2020-12-05,3892.0,23.0,59.0,3440.0,25.0,52.0,87.0,77.0,30.0,67.0,24.0,21.0,39.0,18.0
2020-12-04,3614.0,25.0,67.0,3232.0,24.0,51.0,81.0,72.0,15.0,50.0,24.0,16.0,50.0,19.0
2020-12-03,3895.0,34.0,51.0,2965.0,21.0,47.0,87.0,66.0,-5.0,17.0,9.0,11.0,24.0,21.0
2020-12-02,3601.0,37.0,51.0,2962.0,21.0,45.0,81.0,66.0,-4.0,17.0,2.0,19.0,40.0,25.0
2020-12-01,4151.0,35.0,40.0,2934.0,19.0,45.0,93.0,66.0,-2.0,19.0,2.0,18.0,27.0,36.0
2020-11-30,2124.0,12.0,55.0,2726.0,17.0,46.0,48.0,61.0,-10.0,-6.0,7.0,15.0,31.0,53.0
2020-11-29,2803.0,11.0,44.0,2727.0,16.0,43.0,63.0,61.0,-7.0,-11.0,-4.0,13.0,14.0,54.0
2020-11-28,2437.0,14.0,50.0,2640.0,15.0,42.0,55.0,59.0,-7.0,-17.0,-5.0,12.0,7.0,50.0
2020-11-27,1747.0,4.0,38.0,2822.0,16.0,41.0,39.0,63.0,2.0,0.0,-5.0,28.0,7.0,46.0
2020-11-26,3870.0,32.0,40.0,3119.0,18.0,43.0,87.0,70.0,16.0,6.0,10.0,50.0,38.0,59.0
2020-11-25,3408.0,26.0,48.0,3087.0,18.0,44.0,76.0,69.0,24.0,20.0,22.0,49.0,38.0,57.0
2020-11-24,2690.0,17.0,49.0,2994.0,16.0,44.0,60.0,67.0,20.0,7.0,33.0,56.0,33.0,57.0
2020-11-23,2135.0,5.0,29.0,3028.0,18.0,43.0,48.0,68.0,28.0,38.0,43.0,61.0,50.0,54.0
2020-11-22,2194.0,4.0,43.0,2940.0,18.0,45.0,49.0,66.0,22.0,29.0,61.0,66.0,64.0,67.0
2020-11-21,3711.0,21.0,39.0,2833.0,18.0,44.0,83.0,63.0,20.0,29.0,57.0,57.0,64.0,76.0
2020-11-20,3825.0,20.0,51.0,2775.0,16.0,43.0,86.0,62.0,26.0,7.0,54.0,56.0,60.0,79.0
2020-11-19,3649.0,30.0,52.0,2682.0,17.0,39.0,82.0,60.0,29.0,31.0,44.0,55.0,70.0,62.0
2020-11-18,2753.0,15.0,44.0,2495.0,15.0,36.0,62.0,56.0,20.0,15.0,29.0,50.0,50.0,71.0
2020-11-17,2931.0,33.0,46.0,2487.0,15.0,33.0,66.0,56.0,29.0,25.0,18.0,47.0,36.0,74.0
2020-11-16,1514.0,3.0,40.0,2372.0,13.0,30.0,34.0,53.0,26.0,8.0,7.0,40.0,8.0,58.0
2020-11-15,1449.0,3.0,35.0,2405.0,14.0,28.0,32.0,54.0,36.0,27.0,4.0,43.0,17.0,47.0
2020-11-14,3303.0,11.0,31.0,2366.0,14.0,28.0,74.0,53.0,31.0,27.0,12.0,40.0,17.0,47.0
2020-11-13,3173.0,25.0,24.0,2203.0,15.0,28.0,71.0,49.0,23.0,50.0,17.0,33.0,36.0,40.0
2020-11-12,2342.0,18.0,29.0,2078.0,13.0,27.0,52.0,47.0,20.0,30.0,12.0,31.0,8.0,35.0
2020-11-11,2700.0,14.0,27.0,2075.0,13.0,28.0,60.0,46.0,25.0,30.0,33.0,37.0,18.0,40.0
2020-11-10,2120.0,14.0,23.0,1923.0,12.0,28.0,47.0,43.0,13.0,9.0,47.0,32.0,0.0,27.0
2020-11-09,1745.0,11.0,27.0,1876.0,12.0,28.0,39.0,42.0,11.0,0.0,47.0,35.0,0.0,33.0
2020-11-08,1177.0,4.0,36.0,1774.0,11.0,27.0,26.0,40.0,5.0,-8.0,42.0,32.0,-15.0,23.0
2020-11-07,2162.0,17.0,30.0,1810.0,11.0,25.0,48.0,41.0,7.0,-8.0,32.0,44.0,-15.0,19.0
2020-11-06,2302.0,10.0,18.0,1784.0,10.0,24.0,52.0,40.0,8.0,-9.0,20.0,50.0,-29.0,14.0
2020-11-05,2318.0,20.0,35.0,1733.0,10.0,24.0,52.0,39.0,9.0,-17.0,20.0,48.0,-17.0,20.0
2020-11-04,1635.0,11.0,30.0,1662.0,10.0,21.0,37.0,37.0,10.0,-9.0,5.0,43.0,-17.0,0.0
2020-11-03,1795.0,11.0,22.0,1695.0,11.0,19.0,40.0,38.0,16.0,-8.0,-14.0,48.0,10.0,0.0
2020-11-02,1032.0,3.0,20.0,1693.0,12.0,19.0,23.0,38.0,22.0,0.0,-10.0,59.0,20.0,0.0
2020-11-01,1423.0,4.0,22.0,1682.0,12.0,19.0,32.0,38.0,25.0,-8.0,-14.0,58.0,33.0,6.0
2020-10-31,1986.0,9.0,18.0,1688.0,12.0,19.0,44.0,38.0,35.0,-8.0,-10.0,58.0,33.0,12.0
2020-10-30,1941.0,15.0,20.0,1652.0,11.0,20.0,43.0,37.0,39.0,-21.0,-5.0,61.0,38.0,25.0
2020-10-29,1821.0,19.0,17.0,1583.0,12.0,20.0,41.0,35.0,35.0,0.0,0.0,60.0,33.0,33.0
2020-10-28,1864.0,14.0,16.0,1513.0,11.0,20.0,42.0,34.0,30.0,-8.0,-5.0,61.0,38.0,33.0
2020-10-27,1786.0,18.0,20.0,1459.0,12.0,22.0,40.0,33.0,28.0,20.0,16.0,34.0,71.0,38.0
2020-10-26,953.0,3.0,19.0,1391.0,12.0,21.0,21.0,31.0,31.0,20.0,11.0,23.0,100.0,31.0
2020-10-25,1462.0,3.0,23.0,1348.0,13.0,22.0,33.0,30.0,27.0,44.0,22.0,21.0,117.0,47.0
2020-10-24,1738.0,8.0,24.0,1255.0,13.0,21.0,39.0,28.0,17.0,44.0,24.0,16.0,117.0,40.0
2020-10-23,1457.0,16.0,23.0,1191.0,14.0,21.0,33.0,27.0,16.0,75.0,31.0,7.0,133.0,50.0
2020-10-22,1330.0,17.0,16.0,1172.0,12.0,20.0,30.0,26.0,18.0,33.0,33.0,5.0,100.0,43.0
2020-10-21,1487.0,21.0,26.0,1162.0,12.0,21.0,33.0,26.0,24.0,50.0,40.0,4.0,71.0,62.0
2020-10-20,1312.0,16.0,15.0,1142.0,10.0,19.0,29.0,26.0,5.0,43.0,19.0,24.0,43.0,73.0
2020-10-19,647.0,9.0,25.0,1065.0,10.0,19.0,14.0,24.0,-6.0,67.0,19.0,16.0,43.0,90.0
2020-10-18,812.0,5.0,21.0,1064.0,9.0,18.0,18.0,24.0,-4.0,50.0,20.0,18.0,29.0,80.0
2020-10-17,1295.0,12.0,19.0,1070.0,9.0,17.0,29.0,24.0,-1.0,50.0,13.0,22.0,29.0,70.0
2020-10-16,1319.0,4.0,20.0,1028.0,8.0,16.0,30.0,23.0,-8.0,33.0,14.0,23.0,14.0,60.0
2020-10-15,1260.0,20.0,22.0,991.0,9.0,15.0,28.0,22.0,-11.0,50.0,7.0,21.0,12.0,67.0
2020-10-14,1346.0,7.0,12.0,937.0,8.0,15.0,30.0,21.0,-16.0,14.0,15.0,20.0,14.0,50.0
2020-10-13,776.0,14.0,14.0,1088.0,7.0,16.0,17.0,24.0,18.0,0.0,45.0,45.0,0.0,60.0
2020-10-12,643.0,3.0,15.0,1127.0,6.0,16.0,14.0,25.0,23.0,-14.0,60.0,57.0,-14.0,45.0
2020-10-11,852.0,3.0,17.0,1113.0,6.0,15.0,19.0,25.0,23.0,-14.0,50.0,57.0,-14.0,36.0
2020-10-10,1002.0,7.0,15.0,1079.0,6.0,15.0,22.0,24.0,23.0,-14.0,50.0,53.0,-14.0,25.0
2020-10-09,1059.0,8.0,13.0,1118.0,6.0,14.0,24.0,25.0,34.0,-14.0,40.0,59.0,-14.0,17.0
2020-10-08,884.0,11.0,21.0,1116.0,6.0,14.0,20.0,25.0,37.0,-25.0,56.0,63.0,0.0,27.0
2020-10-07,2398.0,5.0,20.0,1119.0,7.0,13.0,54.0,25.0,44.0,0.0,30.0,65.0,17.0,18.0
2020-10-06,1054.0,4.0,14.0,920.0,7.0,11.0,24.0,21.0,23.0,0.0,10.0,36.0,17.0,10.0
2020-10-05,543.0,5.0,7.0,915.0,7.0,10.0,12.0,20.0,27.0,0.0,-9.0,38.0,0.0,0.0
2020-10-04,616.0,4.0,13.0,903.0,7.0,10.0,14.0,20.0,28.0,0.0,-9.0,37.0,0.0,0.0
2020-10-03,1275.0,8.0,13.0,880.0,7.0,10.0,29.0,20.0,25.0,0.0,-17.0,31.0,0.0,25.0
2020-10-02,1039.0,6.0,12.0,836.0,7.0,10.0,23.0,19.0,19.0,0.0,-17.0,32.0,-12.0,25.0
2020-10-01,910.0,17.0,10.0,817.0,8.0,9.0,20.0,18.0,19.0,33.0,-18.0,24.0,0.0,12.0
2020-09-30,1004.0,4.0,8.0,779.0,7.0,10.0,22.0,17.0,15.0,17.0,-9.0,14.0,-30.0,11.0
2020-09-29,1018.0,8.0,7.0,748.0,7.0,10.0,23.0,17.0,11.0,17.0,0.0,12.0,-36.0,11.0
2020-09-28,456.0,5.0,8.0,719.0,7.0,11.0,10.0,16.0,9.0,0.0,10.0,19.0,-30.0,22.0
2020-09-27,456.0,3.0,9.0,707.0,7.0,11.0,10.0,16.0,8.0,0.0,10.0,19.0,-22.0,10.0
2020-09-26,970.0,5.0,13.0,704.0,7.0,12.0,22.0,16.0,5.0,0.0,50.0,25.0,-22.0,20.0
2020-09-25,908.0,12.0,9.0,705.0,7.0,12.0,20.0,16.0,12.0,-12.0,50.0,23.0,-12.0,20.0
2020-09-24,641.0,13.0,14.0,684.0,6.0,11.0,14.0,15.0,4.0,-25.0,38.0,23.0,-25.0,0.0
2020-09-23,786.0,5.0,11.0,679.0,6.0,11.0,18.0,15.0,-1.0,-40.0,22.0,19.0,-14.0,0.0
2020-09-22,814.0,7.0,11.0,676.0,6.0,10.0,18.0,15.0,1.0,-45.0,11.0,14.0,-14.0,-17.0
2020-09-21,375.0,1.0,12.0,662.0,7.0,10.0,8.0,15.0,10.0,-30.0,11.0,-1.0,-22.0,-9.0
2020-09-20,436.0,3.0,15.0,657.0,7.0,10.0,10.0,15.0,10.0,-22.0,0.0,-3.0,-22.0,-17.0
2020-09-19,978.0,7.0,9.0,670.0,7.0,8.0,22.0,15.0,19.0,-22.0,-20.0,-4.0,-30.0,-38.0
2020-09-18,758.0,8.0,6.0,632.0,8.0,8.0,17.0,14.0,10.0,0.0,-20.0,-10.0,-20.0,-38.0
2020-09-17,606.0,11.0,10.0,657.0,8.0,8.0,14.0,15.0,18.0,0.0,-27.0,-6.0,-11.0,-38.0
2020-09-16,764.0,8.0,5.0,684.0,10.0,9.0,17.0,15.0,20.0,43.0,-18.0,1.0,11.0,-31.0
2020-09-15,718.0,9.0,14.0,669.0,11.0,9.0,16.0,15.0,13.0,57.0,-25.0,1.0,38.0,-25.0
2020-09-14,337.0,5.0,8.0,603.0,10.0,9.0,8.0,13.0,-10.0,11.0,-18.0,-6.0,43.0,-31.0
2020-09-13,530.0,3.0,7.0,596.0,9.0,10.0,12.0,13.0,-12.0,0.0,-17.0,-7.0,29.0,-23.0
2020-09-12,711.0,13.0,7.0,564.0,9.0,10.0,16.0,13.0,-19.0,-10.0,-23.0,-12.0,29.0,-9.0
2020-09-11,932.0,9.0,8.0,575.0,8.0,10.0,21.0,13.0,-18.0,-20.0,-23.0,-10.0,0.0,-9.0
2020-09-10,795.0,22.0,13.0,555.0,8.0,11.0,18.0,12.0,-21.0,-11.0,-15.0,-11.0,0.0,10.0
2020-09-09,658.0,16.0,8.0,569.0,7.0,11.0,15.0,13.0,-16.0,-22.0,-15.0,-7.0,-22.0,0.0
2020-09-08,255.0,1.0,15.0,591.0,7.0,12.0,6.0,13.0,-10.0,-12.0,0.0,-3.0,-22.0,9.0
2020-09-07,290.0,0.0,13.0,667.0,9.0,11.0,6.0,15.0,4.0,29.0,-15.0,11.0,-10.0,10.0
2020-09-06,310.0,3.0,6.0,677.0,9.0,12.0,7.0,15.0,5.0,29.0,-8.0,12.0,-10.0,20.0
2020-09-05,787.0,6.0,9.0,698.0,10.0,13.0,18.0,16.0,8.0,43.0,18.0,18.0,11.0,18.0
2020-09-04,792.0,11.0,15.0,703.0,10.0,13.0,18.0,16.0,10.0,25.0,18.0,24.0,11.0,18.0
2020-09-03,894.0,10.0,13.0,701.0,9.0,13.0,20.0,16.0,13.0,12.0,30.0,25.0,0.0,30.0
2020-09-02,806.0,18.0,15.0,680.0,9.0,13.0,18.0,15.0,11.0,0.0,18.0,20.0,29.0,30.0
2020-09-01,789.0,15.0,9.0,660.0,8.0,12.0,18.0,15.0,8.0,-11.0,9.0,2.0,14.0,20.0
2020-08-31,364.0,3.0,14.0,642.0,7.0,13.0,8.0,14.0,7.0,-30.0,30.0,1.0,17.0,44.0
2020-08-30,455.0,9.0,13.0,643.0,7.0,13.0,10.0,14.0,7.0,-30.0,30.0,4.0,17.0,44.0
2020-08-29,820.0,3.0,10.0,644.0,7.0,11.0,18.0,14.0,9.0,-22.0,0.0,4.0,40.0,22.0
2020-08-28,779.0,8.0,19.0,642.0,8.0,11.0,17.0,14.0,13.0,-11.0,0.0,-0.0,33.0,22.0
2020-08-27,748.0,8.0,8.0,622.0,8.0,10.0,17.0,14.0,10.0,-11.0,0.0,-2.0,60.0,11.0
2020-08-26,662.0,7.0,12.0,615.0,9.0,11.0,15.0,14.0,8.0,29.0,10.0,2.0,80.0,22.0
2020-08-25,669.0,10.0,14.0,610.0,9.0,11.0,15.0,14.0,-5.0,29.0,10.0,19.0,80.0,22.0
2020-08-24,370.0,4.0,13.0,601.0,10.0,10.0,8.0,13.0,-5.0,67.0,11.0,12.0,150.0,25.0
2020-08-23,463.0,9.0,2.0,602.0,10.0,10.0,10.0,13.0,-3.0,67.0,11.0,11.0,150.0,25.0
2020-08-22,801.0,8.0,10.0,591.0,9.0,11.0,18.0,13.0,-5.0,80.0,22.0,7.0,80.0,38.0
2020-08-21,639.0,8.0,12.0,567.0,9.0,11.0,14.0,13.0,-12.0,50.0,22.0,9.0,125.0,38.0
2020-08-20,700.0,14.0,13.0,563.0,9.0,10.0,16.0,13.0,-11.0,80.0,11.0,2.0,125.0,43.0
2020-08-19,627.0,12.0,13.0,569.0,7.0,10.0,14.0,13.0,-5.0,40.0,11.0,-1.0,75.0,43.0
2020-08-18,608.0,12.0,10.0,644.0,7.0,10.0,14.0,14.0,25.0,40.0,11.0,11.0,40.0,43.0
2020-08-17,376.0,5.0,7.0,634.0,6.0,9.0,8.0,14.0,19.0,50.0,12.0,14.0,20.0,29.0
2020-08-16,385.0,3.0,11.0,619.0,6.0,9.0,9.0,14.0,14.0,50.0,12.0,5.0,0.0,29.0
2020-08-15,632.0,6.0,8.0,622.0,5.0,9.0,14.0,14.0,13.0,0.0,12.0,10.0,-17.0,29.0
2020-08-14,612.0,8.0,11.0,643.0,6.0,9.0,14.0,14.0,23.0,50.0,12.0,7.0,0.0,29.0
2020-08-13,741.0,6.0,10.0,633.0,5.0,9.0,17.0,14.0,14.0,25.0,29.0,4.0,-29.0,12.0
2020-08-12,1152.0,7.0,11.0,601.0,5.0,9.0,26.0,13.0,5.0,25.0,29.0,1.0,-29.0,12.0
2020-08-11,539.0,8.0,8.0,514.0,5.0,9.0,12.0,12.0,-12.0,0.0,29.0,-12.0,-17.0,12.0
2020-08-10,272.0,2.0,7.0,535.0,4.0,8.0,6.0,12.0,-4.0,-20.0,14.0,-11.0,-20.0,0.0
2020-08-09,404.0,1.0,10.0,542.0,4.0,8.0,9.0,12.0,-8.0,-33.0,14.0,-3.0,0.0,0.0
2020-08-08,782.0,8.0,9.0,551.0,5.0,8.0,18.0,12.0,-3.0,-17.0,14.0,-16.0,25.0,0.0
2020-08-07,542.0,4.0,10.0,521.0,4.0,8.0,12.0,12.0,-14.0,-33.0,14.0,-16.0,-20.0,0.0
2020-08-06,513.0,8.0,9.0,553.0,4.0,7.0,11.0,12.0,-9.0,-43.0,-12.0,-5.0,-20.0,0.0
2020-08-05,544.0,1.0,8.0,573.0,4.0,7.0,12.0,13.0,-4.0,-43.0,-12.0,4.0,-20.0,17.0
2020-08-04,689.0,7.0,5.0,582.0,5.0,7.0,15.0,13.0,0.0,-17.0,-12.0,6.0,-17.0,17.0
2020-08-03,323.0,2.0,8.0,558.0,5.0,7.0,7.0,12.0,-7.0,0.0,-12.0,4.0,-17.0,17.0
2020-08-02,462.0,2.0,4.0,587.0,6.0,7.0,10.0,13.0,5.0,50.0,-12.0,9.0,0.0,0.0
2020-08-01,572.0,5.0,9.0,566.0,6.0,7.0,13.0,13.0,-13.0,50.0,-12.0,29.0,0.0,17.0
2020-07-31,765.0,4.0,6.0,603.0,6.0,7.0,17.0,13.0,-2.0,20.0,-12.0,44.0,20.0,0.0
2020-07-30,659.0,7.0,9.0,606.0,7.0,8.0,15.0,14.0,4.0,40.0,14.0,50.0,40.0,14.0
2020-07-29,601.0,5.0,5.0,598.0,7.0,8.0,13.0,13.0,8.0,40.0,33.0,52.0,40.0,33.0
2020-07-28,525.0,10.0,6.0,581.0,6.0,8.0,12.0,13.0,6.0,0.0,33.0,51.0,20.0,33.0
2020-07-27,522.0,9.0,10.0,598.0,5.0,8.0,12.0,13.0,11.0,-17.0,33.0,68.0,0.0,14.0
2020-07-26,315.0,4.0,6.0,560.0,4.0,8.0,7.0,13.0,4.0,-33.0,14.0,58.0,-33.0,33.0
2020-07-25,833.0,5.0,7.0,654.0,4.0,8.0,19.0,15.0,49.0,-33.0,33.0,84.0,-20.0,14.0
2020-07-24,784.0,7.0,10.0,618.0,5.0,8.0,18.0,14.0,47.0,0.0,14.0,88.0,0.0,33.0
2020-07-23,607.0,7.0,10.0,581.0,5.0,7.0,14.0,13.0,43.0,0.0,0.0,88.0,25.0,17.0
2020-07-22,480.0,3.0,8.0,552.0,5.0,6.0,11.0,12.0,40.0,0.0,0.0,86.0,0.0,-14.0
2020-07-21,646.0,3.0,5.0,548.0,6.0,6.0,14.0,12.0,42.0,20.0,0.0,102.0,20.0,-14.0
2020-07-20,253.0,1.0,7.0,537.0,6.0,6.0,6.0,12.0,50.0,20.0,-14.0,108.0,20.0,-14.0
2020-07-19,977.0,3.0,8.0,539.0,6.0,7.0,22.0,12.0,52.0,0.0,17.0,126.0,50.0,0.0
2020-07-18,579.0,9.0,6.0,438.0,6.0,6.0,13.0,10.0,23.0,20.0,-14.0,110.0,50.0,0.0
2020-07-17,522.0,8.0,5.0,419.0,5.0,7.0,12.0,9.0,28.0,0.0,17.0,93.0,0.0,17.0
2020-07-16,406.0,5.0,6.0,405.0,5.0,7.0,9.0,9.0,31.0,25.0,17.0,94.0,0.0,17.0
2020-07-15,454.0,10.0,7.0,394.0,5.0,6.0,10.0,9.0,33.0,0.0,-14.0,87.0,0.0,-14.0
2020-07-14,570.0,6.0,4.0,386.0,5.0,6.0,13.0,9.0,42.0,0.0,-14.0,82.0,25.0,0.0
2020-07-13,264.0,4.0,10.0,357.0,5.0,7.0,6.0,8.0,38.0,0.0,0.0,66.0,0.0,17.0
2020-07-12,268.0,3.0,7.0,355.0,6.0,6.0,6.0,8.0,49.0,50.0,-14.0,67.0,20.0,0.0
2020-07-11,451.0,2.0,7.0,356.0,5.0,7.0,10.0,8.0,70.0,25.0,17.0,62.0,25.0,17.0
2020-07-10,425.0,8.0,5.0,328.0,5.0,6.0,10.0,7.0,51.0,0.0,0.0,63.0,25.0,0.0
2020-07-09,326.0,4.0,3.0,309.0,4.0,6.0,7.0,7.0,48.0,-20.0,0.0,52.0,0.0,0.0
2020-07-08,400.0,6.0,9.0,297.0,5.0,7.0,9.0,7.0,41.0,0.0,0.0,52.0,67.0,40.0
2020-07-07,367.0,9.0,6.0,271.0,5.0,7.0,8.0,6.0,28.0,25.0,17.0,45.0,25.0,40.0
2020-07-06,245.0,8.0,4.0,258.0,5.0,7.0,5.0,6.0,20.0,0.0,17.0,52.0,67.0,40.0
2020-07-05,280.0,0.0,14.0,239.0,4.0,7.0,6.0,5.0,13.0,-20.0,17.0,37.0,0.0,75.0
2020-07-04,251.0,0.0,2.0,209.0,4.0,6.0,6.0,5.0,-5.0,0.0,0.0,24.0,0.0,50.0
2020-07-03,297.0,4.0,7.0,217.0,5.0,6.0,7.0,5.0,8.0,25.0,0.0,18.0,25.0,50.0
2020-07-02,237.0,9.0,4.0,209.0,5.0,6.0,5.0,5.0,3.0,25.0,0.0,17.0,25.0,20.0
2020-07-01,218.0,7.0,9.0,211.0,5.0,7.0,5.0,5.0,8.0,67.0,40.0,33.0,0.0,40.0
2020-06-30,277.0,5.0,6.0,212.0,4.0,6.0,6.0,5.0,13.0,0.0,20.0,32.0,-20.0,0.0
2020-06-29,115.0,2.0,6.0,215.0,5.0,6.0,3.0,5.0,26.0,67.0,20.0,29.0,0.0,-14.0
2020-06-28,65.0,4.0,6.0,212.0,5.0,6.0,1.0,5.0,22.0,25.0,50.0,26.0,25.0,0.0
2020-06-27,308.0,1.0,5.0,220.0,4.0,6.0,7.0,5.0,30.0,0.0,50.0,33.0,0.0,-14.0
2020-06-26,242.0,7.0,7.0,201.0,4.0,6.0,5.0,4.0,9.0,0.0,50.0,18.0,0.0,-14.0
2020-06-25,254.0,8.0,8.0,203.0,4.0,6.0,6.0,5.0,13.0,0.0,20.0,15.0,-20.0,0.0
2020-06-24,222.0,1.0,6.0,195.0,3.0,5.0,5.0,4.0,23.0,-40.0,0.0,-7.0,-40.0,-29.0
2020-06-23,302.0,11.0,2.0,187.0,4.0,5.0,7.0,4.0,17.0,-20.0,-17.0,-14.0,-20.0,-29.0
2020-06-22,89.0,0.0,10.0,170.0,3.0,5.0,2.0,4.0,2.0,-40.0,-29.0,-17.0,-40.0,-17.0
2020-06-21,120.0,2.0,4.0,174.0,4.0,4.0,3.0,4.0,4.0,0.0,-33.0,-20.0,-20.0,-33.0
2020-06-20,176.0,2.0,5.0,169.0,4.0,4.0,4.0,4.0,2.0,0.0,-43.0,-30.0,-43.0,-33.0
2020-06-19,257.0,2.0,5.0,184.0,4.0,4.0,6.0,4.0,8.0,0.0,-43.0,-23.0,-50.0,-33.0
2020-06-18,202.0,2.0,4.0,179.0,4.0,5.0,5.0,4.0,1.0,-20.0,-17.0,-16.0,-50.0,-29.0
2020-06-17,166.0,6.0,4.0,159.0,5.0,5.0,4.0,4.0,-24.0,0.0,-29.0,-8.0,-29.0,-17.0
2020-06-16,182.0,7.0,2.0,160.0,5.0,6.0,4.0,4.0,-27.0,0.0,-14.0,-25.0,-29.0,0.0
2020-06-15,118.0,5.0,5.0,167.0,5.0,7.0,3.0,4.0,-18.0,0.0,17.0,-13.0,-17.0,17.0
2020-06-14,84.0,1.0,4.0,168.0,4.0,6.0,2.0,4.0,-23.0,-20.0,0.0,4.0,-33.0,0.0
2020-06-13,279.0,2.0,6.0,165.0,4.0,7.0,6.0,4.0,-32.0,-43.0,17.0,11.0,0.0,0.0
2020-06-12,221.0,4.0,7.0,170.0,4.0,7.0,5.0,4.0,-29.0,-50.0,17.0,33.0,33.0,0.0
2020-06-11,62.0,9.0,5.0,177.0,5.0,6.0,1.0,4.0,-17.0,-38.0,-14.0,54.0,67.0,-14.0
2020-06-10,175.0,7.0,12.0,210.0,5.0,7.0,4.0,5.0,22.0,-29.0,17.0,46.0,0.0,0.0
2020-06-09,232.0,5.0,7.0,218.0,5.0,7.0,5.0,5.0,3.0,-29.0,17.0,203.0,25.0,0.0
2020-06-08,120.0,1.0,3.0,204.0,5.0,6.0,3.0,5.0,6.0,-17.0,0.0,62.0,-38.0,-14.0
2020-06-07,69.0,1.0,6.0,218.0,5.0,6.0,2.0,5.0,35.0,-17.0,0.0,73.0,-38.0,-25.0
2020-06-06,310.0,4.0,8.0,242.0,7.0,6.0,7.0,5.0,64.0,75.0,-14.0,73.0,-12.0,-25.0
2020-06-05,272.0,8.0,3.0,238.0,8.0,6.0,6.0,5.0,86.0,167.0,-14.0,57.0,0.0,-25.0
2020-06-04,295.0,8.0,9.0,214.0,8.0,7.0,7.0,5.0,86.0,167.0,0.0,25.0,14.0,-22.0
2020-06-03,225.0,8.0,10.0,172.0,7.0,6.0,5.0,4.0,19.0,40.0,-14.0,-1.0,17.0,-25.0
2020-06-02,139.0,3.0,6.0,212.0,7.0,6.0,3.0,5.0,194.0,75.0,-14.0,7.0,-12.0,-25.0
2020-06-01,214.0,5.0,3.0,192.0,6.0,6.0,5.0,4.0,52.0,-25.0,-14.0,8.0,50.0,-14.0
2020-05-31,240.0,13.0,6.0,162.0,6.0,6.0,5.0,4.0,29.0,-25.0,-25.0,-9.0,50.0,-14.0
2020-05-30,280.0,9.0,3.0,148.0,4.0,7.0,6.0,3.0,6.0,-50.0,-12.0,-10.0,-20.0,0.0
2020-05-29,107.0,9.0,9.0,128.0,3.0,7.0,2.0,3.0,-16.0,-62.0,-12.0,-18.0,-40.0,0.0
2020-05-28,0.0,0.0,7.0,115.0,3.0,7.0,0.0,3.0,-33.0,-57.0,-22.0,-30.0,-50.0,0.0
2020-05-27,506.0,9.0,5.0,144.0,5.0,7.0,11.0,3.0,-17.0,-17.0,-12.0,-2.0,-29.0,-12.0
2020-05-26,0.0,0.0,9.0,72.0,4.0,7.0,0.0,2.0,-64.0,-50.0,-12.0,-65.0,-43.0,-12.0
2020-05-25,0.0,0.0,6.0,126.0,8.0,7.0,0.0,3.0,-29.0,100.0,0.0,-33.0,14.0,-22.0
2020-05-24,145.0,0.0,7.0,126.0,8.0,8.0,3.0,3.0,-29.0,100.0,14.0,-43.0,0.0,-11.0
2020-05-23,140.0,5.0,8.0,140.0,8.0,8.0,3.0,3.0,-15.0,60.0,14.0,-30.0,14.0,-20.0
2020-05-22,11.0,10.0,4.0,152.0,8.0,8.0,0.0,3.0,-3.0,60.0,14.0,-25.0,0.0,-11.0
2020-05-21,206.0,10.0,7.0,171.0,7.0,9.0,5.0,4.0,4.0,17.0,29.0,-14.0,0.0,-10.0
2020-05-20,0.0,0.0,8.0,174.0,6.0,8.0,0.0,4.0,18.0,-14.0,0.0,-16.0,-14.0,-11.0
2020-05-19,381.0,32.0,12.0,199.0,8.0,8.0,9.0,4.0,-3.0,14.0,0.0,27.0,14.0,-20.0
2020-05-18,0.0,0.0,8.0,178.0,4.0,7.0,0.0,4.0,-5.0,-43.0,-22.0,18.0,-33.0,-22.0
2020-05-17,244.0,2.0,7.0,178.0,4.0,7.0,5.0,4.0,-20.0,-50.0,-22.0,28.0,-33.0,-12.0
2020-05-16,219.0,4.0,8.0,165.0,5.0,7.0,5.0,4.0,-18.0,-29.0,-30.0,5.0,-29.0,-12.0
2020-05-15,145.0,2.0,10.0,157.0,5.0,7.0,3.0,4.0,-23.0,-38.0,-22.0,-10.0,-29.0,-12.0
2020-05-14,227.0,5.0,6.0,164.0,6.0,7.0,5.0,4.0,-18.0,-14.0,-30.0,-2.0,-14.0,-12.0
2020-05-13,176.0,10.0,5.0,147.0,7.0,8.0,4.0,3.0,-29.0,0.0,-11.0,-13.0,-12.0,0.0
2020-05-12,237.0,7.0,5.0,205.0,7.0,8.0,5.0,5.0,31.0,0.0,-20.0,31.0,-12.0,0.0
2020-05-11,0.0,0.0,7.0,187.0,7.0,9.0,0.0,4.0,24.0,17.0,0.0,18.0,-22.0,12.0
2020-05-10,152.0,6.0,8.0,223.0,8.0,9.0,3.0,5.0,60.0,33.0,12.0,30.0,-11.0,0.0
2020-05-09,159.0,4.0,10.0,201.0,7.0,10.0,4.0,4.0,28.0,0.0,25.0,12.0,-22.0,0.0
2020-05-08,195.0,11.0,7.0,203.0,8.0,9.0,4.0,5.0,16.0,14.0,12.0,35.0,-11.0,0.0
2020-05-07,112.0,8.0,11.0,199.0,7.0,10.0,3.0,4.0,19.0,0.0,25.0,28.0,-22.0,11.0
2020-05-06,577.0,14.0,7.0,207.0,7.0,9.0,13.0,5.0,22.0,-12.0,12.0,48.0,-12.0,-10.0
2020-05-05,115.0,8.0,12.0,157.0,7.0,10.0,3.0,4.0,0.0,-12.0,25.0,10.0,0.0,11.0
2020-05-04,251.0,5.0,9.0,151.0,6.0,9.0,6.0,3.0,-5.0,-33.0,12.0,6.0,-14.0,0.0
2020-05-03,0.0,0.0,11.0,139.0,6.0,8.0,0.0,3.0,-19.0,-33.0,-11.0,12.0,-14.0,0.0
2020-05-02,171.0,8.0,7.0,157.0,7.0,8.0,4.0,4.0,-13.0,-22.0,-20.0,33.0,0.0,0.0
2020-05-01,169.0,5.0,10.0,175.0,7.0,8.0,4.0,4.0,17.0,-22.0,-11.0,67.0,17.0,0.0
2020-04-30,164.0,10.0,10.0,167.0,7.0,8.0,4.0,4.0,8.0,-22.0,-11.0,24.0,0.0,0.0
2020-04-29,229.0,12.0,8.0,169.0,8.0,8.0,5.0,4.0,21.0,0.0,-20.0,11.0,14.0,0.0
2020-04-28,72.0,5.0,9.0,157.0,8.0,8.0,2.0,4.0,10.0,14.0,-11.0,5.0,33.0,0.0
2020-04-27,169.0,3.0,4.0,159.0,9.0,8.0,4.0,4.0,12.0,29.0,-11.0,10.0,29.0,0.0
2020-04-26,126.0,5.0,5.0,171.0,9.0,9.0,3.0,4.0,38.0,29.0,12.0,30.0,12.0,29.0
2020-04-25,298.0,9.0,9.0,180.0,9.0,10.0,7.0,4.0,53.0,29.0,25.0,46.0,12.0,43.0
2020-04-24,108.0,6.0,10.0,150.0,9.0,9.0,2.0,3.0,43.0,50.0,12.0,14.0,12.0,29.0
2020-04-23,181.0,14.0,8.0,155.0,9.0,9.0,4.0,3.0,15.0,29.0,12.0,63.0,12.0,29.0
2020-04-22,142.0,17.0,9.0,140.0,8.0,10.0,3.0,3.0,-8.0,14.0,25.0,75.0,14.0,43.0
2020-04-21,90.0,6.0,12.0,143.0,7.0,9.0,2.0,3.0,-4.0,17.0,12.0,91.0,0.0,29.0
2020-04-20,253.0,4.0,13.0,142.0,7.0,9.0,6.0,3.0,-1.0,0.0,12.0,92.0,40.0,29.0
2020-04-19,185.0,7.0,10.0,124.0,7.0,8.0,4.0,3.0,-6.0,-12.0,14.0,65.0,75.0,14.0
2020-04-18,93.0,8.0,4.0,118.0,7.0,8.0,2.0,3.0,-4.0,-12.0,14.0,55.0,75.0,14.0
2020-04-17,138.0,7.0,9.0,105.0,6.0,8.0,3.0,2.0,-20.0,-25.0,14.0,40.0,50.0,33.0
2020-04-16,81.0,7.0,10.0,135.0,7.0,8.0,2.0,3.0,42.0,-12.0,14.0,96.0,250.0,60.0
2020-04-15,162.0,11.0,8.0,152.0,7.0,8.0,4.0,3.0,90.0,0.0,14.0,145.0,250.0,100.0
2020-04-14,85.0,7.0,9.0,149.0,6.0,8.0,2.0,3.0,99.0,-14.0,14.0,192.0,500.0,167.0
2020-04-13,123.0,3.0,8.0,144.0,7.0,8.0,3.0,3.0,95.0,40.0,14.0,200.0,600.0,300.0
2020-04-12,147.0,4.0,8.0,132.0,8.0,7.0,3.0,3.0,76.0,100.0,0.0,214.0,700.0,600.0
2020-04-11,0.0,0.0,6.0,123.0,8.0,7.0,0.0,3.0,62.0,100.0,0.0,251.0,700.0,600.0
2020-04-10,347.0,17.0,7.0,132.0,8.0,7.0,8.0,3.0,76.0,100.0,17.0,355.0,700.0,600.0
2020-04-09,197.0,8.0,10.0,95.0,8.0,7.0,4.0,2.0,38.0,300.0,40.0,313.0,,600.0
2020-04-08,141.0,6.0,8.0,80.0,7.0,7.0,3.0,2.0,29.0,250.0,75.0,321.0,,600.0
2020-04-07,53.0,14.0,7.0,75.0,7.0,7.0,1.0,2.0,47.0,600.0,133.0,400.0,,600.0
2020-04-06,38.0,5.0,5.0,74.0,5.0,7.0,1.0,2.0,54.0,400.0,250.0,517.0,,600.0
2020-04-05,86.0,3.0,7.0,75.0,4.0,7.0,2.0,2.0,79.0,300.0,600.0,525.0,,600.0
2020-04-04,61.0,6.0,7.0,76.0,4.0,7.0,1.0,2.0,117.0,300.0,600.0,1167.0,,600.0
2020-04-03,90.0,11.0,8.0,75.0,4.0,6.0,2.0,2.0,159.0,300.0,500.0,1400.0,,500.0
2020-04-02,89.0,3.0,10.0,69.0,2.0,5.0,2.0,2.0,200.0,,400.0,1625.0,,
2020-04-01,111.0,6.0,4.0,62.0,2.0,4.0,2.0,1.0,226.0,,300.0,1967.0,,
2020-03-31,41.0,2.0,7.0,51.0,1.0,3.0,1.0,1.0,240.0,,200.0,2450.0,,
2020-03-30,45.0,0.0,8.0,48.0,1.0,2.0,1.0,1.0,300.0,,100.0,2300.0,,
2020-03-29,92.0,1.0,3.0,42.0,1.0,1.0,2.0,1.0,250.0,,0.0,2000.0,,
2020-03-28,54.0,2.0,1.0,35.0,1.0,1.0,1.0,1.0,483.0,,0.0,1650.0,,
2020-03-27,50.0,2.0,0.0,29.0,1.0,1.0,1.0,1.0,480.0,,0.0,1350.0,,
2020-03-26,41.0,0.0,2.0,23.0,0.0,1.0,1.0,1.0,475.0,,,2200.0,,
2020-03-25,33.0,0.0,0.0,19.0,0.0,1.0,1.0,0.0,533.0,,,,,
2020-03-24,20.0,1.0,1.0,15.0,0.0,1.0,0.0,0.0,650.0,,,,,
2020-03-23,5.0,0.0,3.0,12.0,0.0,1.0,0.0,0.0,500.0,,,,,
2020-03-22,45.0,1.0,1.0,12.0,0.0,1.0,1.0,0.0,500.0,,,,,
2020-03-21,7.0,1.0,1.0,6.0,0.0,1.0,0.0,0.0,200.0,,,,,
2020-03-20,12.0,0.0,1.0,5.0,0.0,1.0,0.0,0.0,150.0,,,,,
2020-03-19,9.0,0.0,0.0,4.0,0.0,0.0,0.0,0.0,300.0,,,,,
2020-03-18,4.0,0.0,1.0,3.0,0.0,0.0,0.0,0.0,,,,,,
2020-03-17,1.0,0.0,0.0,2.0,0.0,0.0,0.0,0.0,,,,,,
2020-03-16,5.0,0.0,0.0,2.0,0.0,0.0,0.0,0.0,,,,,,
2020-03-15,2.0,0.0,1.0,2.0,0.0,0.0,0.0,0.0,,,,,,
2020-03-14,3.0,1.0,1.0,2.0,0.0,0.0,0.0,0.0,,,,,,
2020-03-13,3.0,0.0,0.0,2.0,0.0,0.0,0.0,0.0,,,,,,
2020-03-12,0.0,0.0,0.0,1.0,0.0,0.0,0.0,0.0,,,,,,
2020-03-11,2.0,0.0,0.0,,,,0.0,,,,,,,
2020-03-10,2.0,0.0,0.0,,,,0.0,,,,,,,
2020-03-09,3.0,0.0,0.0,,,,0.0,,,,,,,
2020-03-08,0.0,0.0,0.0,,,,0.0,,,,,,,
2020-03-07,1.0,0.0,0.0,,,,0.0,,,,,,,
2020-03-06,0.0,0.0,0.0,,,,0.0,,,,,,,
