date,tot_cases,tot_cases_conf,tot_cases_prob,tot_deaths,tot_deaths_conf,tot_deaths_prob,new_cases,new_deaths,audit_deaths,new_cases_conf,new_cases_prob,new_deaths_conf,new_deaths_prob,new_cases_18_and_under,new_cases_18_and_under_conf,new_cases_18_and_under_prob,actual_deaths
2021-09-12,627884,461157.0,166727.0,8042.0,7190.0,852.0,3111.0,21.0,,2458.0,653.0,15.0,6.0,824.0,640.0,184.0,21.0
2021-09-11,624777,458699.0,166078.0,8021.0,7175.0,846.0,4470.0,18.0,,3065.0,1405.0,16.0,2.0,1274.0,842.0,432.0,18.0
2021-09-10,620356,455613.0,164743.0,8003.0,7159.0,844.0,5197.0,32.0,,3497.0,1700.0,27.0,5.0,1443.0,938.0,505.0,32.0
2021-09-09,615168,452113.0,163055.0,7971.0,7132.0,839.0,5252.0,36.0,,3339.0,1913.0,31.0,5.0,1602.0,951.0,651.0,36.0
2021-09-08,609924,448783.0,161141.0,7935.0,7101.0,834.0,4468.0,30.0,,2775.0,1693.0,27.0,3.0,1220.0,691.0,529.0,30.0
2021-09-07,605468,446015.0,159453.0,7905.0,7074.0,831.0,2356.0,5.0,,1661.0,695.0,4.0,1.0,582.0,387.0,195.0,5.0
2021-09-06,603121,444367.0,158754.0,7900.0,7070.0,830.0,2541.0,9.0,,1920.0,621.0,8.0,1.0,722.0,531.0,191.0,9.0
2021-09-05,600583,442440.0,158143.0,7891.0,7062.0,829.0,3376.0,17.0,,2693.0,683.0,16.0,1.0,943.0,730.0,213.0,17.0
2021-09-04,597211,439739.0,157472.0,7874.0,7046.0,828.0,4732.0,29.0,,3200.0,1532.0,24.0,5.0,1510.0,974.0,536.0,29.0
2021-09-03,592489,436548.0,155941.0,7845.0,7022.0,823.0,5111.0,24.0,,3474.0,1637.0,18.0,6.0,1547.0,992.0,555.0,24.0
2021-09-02,587414,433074.0,154340.0,7821.0,7004.0,817.0,5457.0,45.0,,3832.0,1625.0,42.0,3.0,1774.0,1199.0,575.0,45.0
2021-09-01,581982,429275.0,152707.0,7776.0,6962.0,814.0,4941.0,12.0,,3321.0,1620.0,9.0,3.0,1560.0,991.0,569.0,12.0
2021-08-31,577051,425943.0,151108.0,7764.0,6953.0,811.0,4548.0,23.0,,3020.0,1528.0,20.0,3.0,1407.0,857.0,550.0,23.0
2021-08-30,572517,422922.0,149595.0,7741.0,6933.0,808.0,2619.0,25.0,,2072.0,547.0,21.0,4.0,752.0,577.0,175.0,25.0
2021-08-29,569903,420843.0,149060.0,7716.0,6912.0,804.0,3249.0,18.0,,2573.0,676.0,17.0,1.0,946.0,742.0,204.0,18.0
2021-08-28,566667,418271.0,148396.0,7698.0,6895.0,803.0,4050.0,13.0,,2775.0,1275.0,12.0,1.0,1285.0,872.0,413.0,13.0
2021-08-27,562623,415518.0,147105.0,7685.0,6883.0,802.0,4815.0,18.0,,3409.0,1406.0,13.0,5.0,1529.0,1010.0,519.0,18.0
2021-08-26,557835,412143.0,145692.0,7667.0,6870.0,797.0,5401.0,27.0,,3872.0,1529.0,22.0,5.0,1759.0,1198.0,561.0,27.0
2021-08-25,552501,408363.0,144138.0,7640.0,6848.0,792.0,4849.0,65.0,,3213.0,1636.0,62.0,3.0,1518.0,957.0,561.0,65.0
2021-08-24,547657,405210.0,142447.0,7575.0,6786.0,789.0,4638.0,17.0,,3106.0,1532.0,13.0,4.0,1335.0,847.0,488.0,17.0
2021-08-23,543031,402152.0,140879.0,7558.0,6773.0,785.0,2596.0,17.0,,2124.0,472.0,12.0,5.0,695.0,567.0,128.0,17.0
2021-08-22,540447,400061.0,140386.0,7541.0,6761.0,780.0,2630.0,9.0,,2066.0,564.0,9.0,0.0,775.0,598.0,177.0,9.0
2021-08-21,537817,397995.0,139822.0,7532.0,6752.0,780.0,3387.0,15.0,,2335.0,1052.0,14.0,1.0,950.0,636.0,314.0,15.0
2021-08-20,534430,395654.0,138776.0,7517.0,6739.0,778.0,3869.0,6.0,34.0,2815.0,1054.0,3.0,3.0,1158.0,804.0,354.0,6.0
2021-08-19,530573,392866.0,137707.0,7477.0,6703.0,774.0,4836.0,9.0,,3453.0,1383.0,8.0,1.0,1275.0,892.0,383.0,9.0
2021-08-18,525746,389397.0,136349.0,7468.0,6695.0,773.0,3576.0,9.0,,2542.0,1034.0,8.0,1.0,987.0,691.0,296.0,9.0
2021-08-17,522209,386898.0,135311.0,7459.0,6687.0,772.0,3276.0,8.0,,2063.0,1213.0,7.0,1.0,849.0,534.0,315.0,8.0
2021-08-16,518987,384918.0,134069.0,7451.0,6680.0,771.0,2100.0,9.0,,1584.0,516.0,7.0,2.0,548.0,418.0,130.0,9.0
2021-08-15,516901,383376.0,133525.0,7442.0,6673.0,769.0,2280.0,8.0,,1799.0,481.0,7.0,1.0,538.0,406.0,132.0,8.0
2021-08-14,514621,381577.0,133044.0,7434.0,6666.0,768.0,2398.0,8.0,,1494.0,904.0,7.0,1.0,603.0,358.0,245.0,8.0
2021-08-13,512224,380067.0,132157.0,7426.0,6659.0,767.0,4009.0,12.0,,2728.0,1281.0,11.0,1.0,929.0,617.0,312.0,12.0
2021-08-12,508310,377394.0,130916.0,7414.0,6648.0,766.0,2713.0,6.0,,1655.0,1058.0,6.0,0.0,606.0,370.0,236.0,6.0
2021-08-11,505632,375773.0,129859.0,7408.0,6642.0,766.0,2961.0,14.0,,1858.0,1103.0,14.0,0.0,611.0,389.0,222.0,14.0
2021-08-10,502712,373941.0,128771.0,7394.0,6628.0,766.0,2500.0,7.0,,1641.0,859.0,7.0,0.0,490.0,304.0,186.0,7.0
2021-08-09,500267,372326.0,127941.0,7387.0,6621.0,766.0,1301.0,7.0,,918.0,383.0,5.0,2.0,269.0,188.0,81.0,7.0
2021-08-08,498966,371408.0,127558.0,7380.0,6616.0,764.0,1442.0,4.0,,1066.0,376.0,4.0,0.0,285.0,216.0,69.0,4.0
2021-08-07,497524,370342.0,127182.0,7376.0,6612.0,764.0,2420.0,4.0,,1588.0,832.0,4.0,0.0,529.0,339.0,190.0,4.0
2021-08-06,495132,368767.0,126365.0,7372.0,6608.0,764.0,2612.0,6.0,,1773.0,839.0,6.0,0.0,525.0,333.0,192.0,6.0
2021-08-05,492556,367007.0,125549.0,7366.0,6602.0,764.0,2217.0,4.0,,1512.0,705.0,4.0,0.0,478.0,309.0,169.0,4.0
2021-08-04,490399,365528.0,124871.0,7362.0,6598.0,764.0,2583.0,10.0,,1511.0,1072.0,10.0,0.0,512.0,270.0,242.0,10.0
2021-08-03,487871,364067.0,123804.0,7352.0,6588.0,764.0,1803.0,4.0,,981.0,822.0,4.0,0.0,372.0,187.0,185.0,4.0
2021-08-02,486115,363130.0,122985.0,7348.0,6584.0,764.0,1052.0,5.0,,703.0,349.0,5.0,0.0,231.0,146.0,85.0,5.0
2021-08-01,485063,362427.0,122636.0,7343.0,6579.0,764.0,903.0,3.0,,707.0,196.0,1.0,2.0,178.0,132.0,46.0,3.0
2021-07-31,484160,361720.0,122440.0,7340.0,6578.0,762.0,1571.0,6.0,,1027.0,544.0,6.0,0.0,313.0,194.0,119.0,6.0
2021-07-30,482599,360682.0,121917.0,7334.0,6572.0,762.0,1648.0,7.0,,1002.0,646.0,6.0,1.0,354.0,209.0,145.0,7.0
2021-07-29,481001,359686.0,121315.0,7327.0,6566.0,761.0,1618.0,2.0,,1035.0,583.0,1.0,1.0,328.0,193.0,135.0,2.0
2021-07-28,479431,358678.0,120753.0,7325.0,6565.0,760.0,1593.0,2.0,,876.0,717.0,2.0,0.0,343.0,168.0,175.0,2.0
2021-07-27,477882,357829.0,120053.0,7323.0,6563.0,760.0,1273.0,4.0,,694.0,579.0,3.0,1.0,251.0,132.0,119.0,4.0
2021-07-26,476650,357153.0,119497.0,7319.0,6560.0,759.0,783.0,2.0,,555.0,228.0,2.0,0.0,174.0,117.0,57.0,2.0
2021-07-25,475878,356596.0,119282.0,7317.0,6558.0,759.0,504.0,2.0,,421.0,83.0,2.0,0.0,111.0,90.0,21.0,2.0
2021-07-24,475374,356175.0,119199.0,7315.0,6556.0,759.0,974.0,3.0,,586.0,388.0,1.0,2.0,220.0,132.0,88.0,3.0
2021-07-23,474444,355629.0,118815.0,7312.0,6555.0,757.0,994.0,4.0,,654.0,340.0,4.0,0.0,199.0,123.0,76.0,4.0
2021-07-22,473503,355012.0,118491.0,7308.0,6551.0,757.0,933.0,2.0,,587.0,346.0,2.0,0.0,220.0,131.0,89.0,2.0
2021-07-21,472605,354443.0,118162.0,7306.0,6549.0,757.0,963.0,2.0,,583.0,380.0,1.0,1.0,181.0,105.0,76.0,2.0
2021-07-20,471669,353875.0,117794.0,7304.0,6548.0,756.0,1054.0,3.0,,613.0,441.0,3.0,0.0,217.0,109.0,108.0,3.0
2021-07-19,470680,353300.0,117380.0,7301.0,6545.0,756.0,240.0,4.0,,160.0,80.0,4.0,0.0,56.0,38.0,18.0,4.0
2021-07-18,470440,353140.0,117300.0,7297.0,6541.0,756.0,250.0,5.0,,196.0,54.0,5.0,0.0,58.0,43.0,15.0,5.0
2021-07-17,470220,352964.0,117256.0,7292.0,6536.0,756.0,559.0,8.0,,339.0,220.0,8.0,0.0,105.0,64.0,41.0,8.0
2021-07-16,469710,352656.0,117054.0,7284.0,6528.0,756.0,541.0,3.0,,348.0,193.0,3.0,0.0,133.0,84.0,49.0,3.0
2021-07-15,469214,352335.0,116879.0,7281.0,6525.0,756.0,564.0,5.0,,348.0,216.0,4.0,1.0,117.0,68.0,49.0,5.0
2021-07-14,468680,352000.0,116680.0,7276.0,6521.0,755.0,669.0,5.0,,375.0,294.0,5.0,0.0,129.0,62.0,67.0,5.0
2021-07-13,468044,351639.0,116405.0,7271.0,6516.0,755.0,470.0,6.0,,251.0,219.0,6.0,0.0,102.0,54.0,48.0,6.0
2021-07-12,467612,351391.0,116221.0,7265.0,6510.0,755.0,164.0,2.0,,93.0,71.0,2.0,0.0,33.0,19.0,14.0,2.0
2021-07-11,467448,351298.0,116150.0,7263.0,6508.0,755.0,202.0,5.0,,160.0,42.0,5.0,0.0,43.0,32.0,11.0,5.0
2021-07-10,467246,351138.0,116108.0,7258.0,6503.0,755.0,368.0,3.0,,207.0,161.0,2.0,1.0,81.0,50.0,31.0,3.0
2021-07-09,466884,350926.0,115958.0,7255.0,6501.0,754.0,379.0,2.0,,255.0,124.0,2.0,0.0,89.0,53.0,36.0,2.0
2021-07-08,466545,350693.0,115852.0,7253.0,6499.0,754.0,337.0,3.0,,196.0,141.0,3.0,0.0,67.0,30.0,37.0,3.0
2021-07-07,466244,350506.0,115738.0,7250.0,6496.0,754.0,397.0,5.0,,225.0,172.0,5.0,0.0,76.0,36.0,40.0,5.0
2021-07-06,465913,350334.0,115579.0,7245.0,6491.0,754.0,87.0,3.0,,52.0,35.0,3.0,0.0,13.0,7.0,6.0,3.0
2021-07-05,465826,350282.0,115544.0,7242.0,6488.0,754.0,74.0,2.0,,60.0,14.0,2.0,0.0,11.0,8.0,3.0,2.0
2021-07-04,465752,350222.0,115530.0,7240.0,6486.0,754.0,108.0,3.0,,85.0,23.0,3.0,0.0,24.0,19.0,5.0,3.0
2021-07-03,465676,350165.0,115511.0,7237.0,6483.0,754.0,200.0,8.0,,129.0,71.0,7.0,1.0,40.0,25.0,15.0,8.0
2021-07-02,465490,349978.0,115512.0,7229.0,6476.0,753.0,172.0,6.0,,102.0,70.0,4.0,2.0,41.0,18.0,23.0,6.0
2021-07-01,465330,349805.0,115525.0,7223.0,6472.0,751.0,215.0,3.0,,153.0,62.0,3.0,0.0,47.0,30.0,17.0,3.0
2021-06-30,465167,349666.0,115501.0,7220.0,6469.0,751.0,351.0,3.0,,224.0,127.0,3.0,0.0,65.0,46.0,19.0,3.0
2021-06-29,464893,349491.0,115402.0,7217.0,6466.0,751.0,244.0,5.0,,156.0,88.0,4.0,1.0,47.0,27.0,20.0,5.0
2021-06-28,464686,349326.0,115360.0,7212.0,6462.0,750.0,69.0,2.0,,48.0,21.0,2.0,0.0,11.0,9.0,2.0,2.0
2021-06-27,464617,349278.0,115339.0,7210.0,6460.0,750.0,70.0,3.0,,62.0,8.0,3.0,0.0,16.0,12.0,4.0,3.0
2021-06-26,464547,349216.0,115331.0,7207.0,6457.0,750.0,161.0,3.0,,106.0,55.0,2.0,1.0,21.0,10.0,11.0,3.0
2021-06-25,464388,349039.0,115349.0,7204.0,6455.0,749.0,218.0,4.0,,131.0,87.0,4.0,0.0,39.0,27.0,12.0,4.0
2021-06-24,464199,348864.0,115335.0,7200.0,6451.0,749.0,204.0,4.0,,116.0,88.0,2.0,2.0,35.0,22.0,13.0,4.0
2021-06-23,464033,348750.0,115283.0,7196.0,6449.0,747.0,210.0,2.0,,139.0,71.0,2.0,0.0,28.0,19.0,9.0,2.0
2021-06-22,463873,348624.0,115249.0,7194.0,6447.0,747.0,208.0,4.0,,121.0,87.0,4.0,0.0,41.0,19.0,22.0,4.0
2021-06-21,463692,348513.0,115179.0,7190.0,6443.0,747.0,115.0,3.0,,98.0,17.0,3.0,0.0,14.0,12.0,2.0,3.0
2021-06-20,463593,348408.0,115185.0,7187.0,6440.0,747.0,83.0,3.0,,54.0,29.0,2.0,1.0,13.0,8.0,5.0,3.0
2021-06-19,463510,348354.0,115156.0,7184.0,6438.0,746.0,187.0,4.0,,132.0,55.0,4.0,0.0,30.0,23.0,7.0,4.0
2021-06-18,463337,348228.0,115109.0,7180.0,6434.0,746.0,211.0,2.0,,130.0,81.0,1.0,1.0,42.0,20.0,22.0,2.0
2021-06-17,463154,348113.0,115041.0,7178.0,6433.0,745.0,255.0,3.0,,177.0,78.0,3.0,0.0,43.0,29.0,14.0,3.0
2021-06-16,462922,347905.0,115017.0,7175.0,6430.0,745.0,233.0,4.0,,136.0,97.0,3.0,1.0,55.0,25.0,30.0,4.0
2021-06-15,462700,347738.0,114962.0,7171.0,6427.0,744.0,290.0,8.0,,168.0,122.0,6.0,2.0,46.0,21.0,25.0,8.0
2021-06-14,462432,347549.0,114883.0,7163.0,6421.0,742.0,129.0,5.0,,101.0,28.0,4.0,1.0,18.0,17.0,1.0,5.0
2021-06-13,462303,347437.0,114866.0,7158.0,6417.0,741.0,88.0,3.0,,61.0,27.0,2.0,1.0,12.0,9.0,3.0,3.0
2021-06-12,462220,347383.0,114837.0,7155.0,6415.0,740.0,279.0,8.0,,147.0,132.0,8.0,0.0,53.0,30.0,23.0,8.0
2021-06-11,461947,347204.0,114743.0,7147.0,6407.0,740.0,237.0,9.0,,146.0,91.0,8.0,1.0,31.0,15.0,16.0,9.0
2021-06-10,461717,347017.0,114700.0,7138.0,6399.0,739.0,289.0,17.0,,177.0,112.0,14.0,3.0,33.0,20.0,13.0,17.0
2021-06-09,461446,346804.0,114642.0,7121.0,6384.0,737.0,361.0,12.0,,191.0,170.0,11.0,1.0,67.0,24.0,43.0,12.0
2021-06-08,461119,346606.0,114513.0,7109.0,6373.0,736.0,614.0,6.0,,347.0,267.0,6.0,0.0,119.0,63.0,56.0,6.0
2021-06-07,460520,346267.0,114253.0,7103.0,6367.0,736.0,36.0,5.0,,16.0,20.0,3.0,2.0,6.0,2.0,4.0,5.0
2021-06-06,460485,346140.0,114345.0,7098.0,6364.0,734.0,83.0,7.0,,60.0,23.0,7.0,0.0,11.0,3.0,8.0,7.0
2021-06-05,460412,346191.0,114221.0,7091.0,6357.0,734.0,369.0,5.0,,216.0,153.0,4.0,1.0,61.0,33.0,28.0,5.0
2021-06-04,460049,345956.0,114093.0,7086.0,6353.0,733.0,531.0,9.0,,338.0,193.0,7.0,2.0,88.0,56.0,32.0,1.0
2021-06-03,459540,345615.0,113925.0,7077.0,6346.0,731.0,429.0,6.0,,268.0,161.0,6.0,0.0,65.0,39.0,26.0,2.0
2021-06-02,459124,345350.0,113774.0,7071.0,6340.0,731.0,445.0,4.0,,265.0,180.0,4.0,0.0,68.0,37.0,31.0,2.0
2021-06-01,458712,345088.0,113624.0,7067.0,6336.0,731.0,137.0,1.0,260.0,110.0,27.0,0.0,1.0,34.0,22.0,12.0,3.0
2021-05-31,458575,344981.0,113594.0,6806.0,6116.0,690.0,96.0,3.0,1.0,69.0,27.0,3.0,0.0,17.0,13.0,4.0,1.0
2021-05-30,458479,344912.0,113567.0,6802.0,6113.0,689.0,205.0,7.0,13.0,163.0,42.0,7.0,0.0,24.0,17.0,7.0,1.0
2021-05-29,458275,344744.0,113531.0,6782.0,6105.0,677.0,383.0,6.0,18.0,254.0,129.0,5.0,1.0,76.0,51.0,25.0,5.0
2021-05-28,457892,344470.0,113422.0,6758.0,6092.0,666.0,415.0,6.0,4.0,257.0,158.0,6.0,0.0,71.0,38.0,33.0,1.0
2021-05-27,457482,344208.0,113274.0,6748.0,6084.0,664.0,421.0,2.0,2.0,237.0,184.0,2.0,0.0,78.0,39.0,39.0,2.0
2021-05-26,457062,343946.0,113116.0,6744.0,6081.0,663.0,440.0,16.0,3.0,259.0,181.0,15.0,1.0,78.0,45.0,33.0,2.0
2021-05-25,456626,343658.0,112968.0,6725.0,6065.0,660.0,580.0,4.0,1.0,350.0,230.0,4.0,0.0,96.0,47.0,49.0,6.0
2021-05-24,456053,343292.0,112761.0,6720.0,6061.0,659.0,263.0,3.0,1.0,192.0,71.0,1.0,2.0,47.0,41.0,6.0,3.0
2021-05-23,455790,343096.0,112694.0,6716.0,6059.0,657.0,215.0,11.0,0.0,152.0,63.0,9.0,2.0,43.0,31.0,12.0,2.0
2021-05-22,455575,342947.0,112628.0,6705.0,6050.0,655.0,426.0,5.0,2.0,270.0,156.0,5.0,0.0,71.0,44.0,27.0,4.0
2021-05-21,455150,342672.0,112478.0,6698.0,6044.0,654.0,544.0,5.0,0.0,348.0,196.0,4.0,1.0,112.0,71.0,41.0,1.0
2021-05-20,454609,342317.0,112292.0,6693.0,6041.0,652.0,575.0,13.0,2.0,353.0,222.0,12.0,1.0,133.0,75.0,58.0,3.0
2021-05-19,454044,341940.0,112104.0,6678.0,6027.0,651.0,588.0,5.0,0.0,318.0,270.0,5.0,0.0,123.0,61.0,62.0,3.0
2021-05-18,453460,341597.0,111863.0,6673.0,6022.0,651.0,645.0,11.0,0.0,355.0,290.0,11.0,0.0,133.0,74.0,59.0,0.0
2021-05-17,452821,341229.0,111592.0,6662.0,6012.0,650.0,285.0,6.0,0.0,208.0,77.0,6.0,0.0,68.0,52.0,16.0,4.0
2021-05-16,452537,341013.0,111524.0,6656.0,6006.0,650.0,287.0,8.0,0.0,218.0,69.0,8.0,0.0,39.0,35.0,4.0,4.0
2021-05-15,452250,340790.0,111460.0,6648.0,5998.0,650.0,488.0,5.0,0.0,312.0,176.0,4.0,1.0,118.0,78.0,40.0,4.0
2021-05-14,451766,340472.0,111294.0,6643.0,5994.0,649.0,558.0,6.0,0.0,369.0,189.0,6.0,0.0,99.0,67.0,32.0,5.0
2021-05-13,451213,340103.0,111110.0,6637.0,5988.0,649.0,674.0,4.0,3.0,415.0,259.0,4.0,0.0,151.0,83.0,68.0,1.0
2021-05-12,450541,339657.0,110884.0,6630.0,5981.0,649.0,680.0,9.0,1.0,407.0,273.0,9.0,0.0,132.0,85.0,47.0,5.0
2021-05-11,449864,339238.0,110626.0,6620.0,5971.0,649.0,758.0,23.0,0.0,392.0,366.0,17.0,6.0,136.0,60.0,76.0,4.0
2021-05-10,449107,338829.0,110278.0,6597.0,5954.0,643.0,167.0,9.0,2.0,117.0,50.0,8.0,1.0,30.0,23.0,7.0,3.0
2021-05-09,448952,338713.0,110239.0,6586.0,5944.0,642.0,195.0,8.0,0.0,152.0,43.0,8.0,0.0,42.0,31.0,11.0,1.0
2021-05-08,448757,338558.0,110199.0,6578.0,5936.0,642.0,544.0,18.0,1.0,299.0,245.0,17.0,1.0,109.0,60.0,49.0,6.0
2021-05-07,448215,338257.0,109958.0,6559.0,5919.0,640.0,638.0,10.0,1.0,380.0,258.0,9.0,1.0,158.0,95.0,63.0,6.0
2021-05-06,447582,337873.0,109709.0,6548.0,5909.0,639.0,655.0,5.0,1.0,415.0,240.0,4.0,1.0,147.0,86.0,61.0,1.0
2021-05-05,446929,337430.0,109499.0,6542.0,5905.0,637.0,710.0,10.0,0.0,418.0,292.0,9.0,1.0,176.0,110.0,66.0,2.0
2021-05-04,446221,337001.0,109220.0,6532.0,5895.0,637.0,776.0,7.0,0.0,428.0,348.0,7.0,0.0,153.0,74.0,79.0,5.0
2021-05-03,445449,336553.0,108896.0,6525.0,5888.0,637.0,313.0,5.0,3.0,209.0,104.0,4.0,1.0,55.0,34.0,21.0,3.0
2021-05-02,445139,336336.0,108803.0,6517.0,5882.0,635.0,368.0,3.0,1.0,267.0,101.0,3.0,0.0,77.0,53.0,24.0,3.0
2021-05-01,444771,336065.0,108706.0,6513.0,5878.0,635.0,646.0,9.0,3.0,425.0,221.0,9.0,0.0,160.0,99.0,61.0,5.0
2021-04-30,444127,335631.0,108496.0,6501.0,5867.0,634.0,723.0,4.0,0.0,435.0,288.0,3.0,1.0,173.0,102.0,71.0,2.0
2021-04-29,443408,335184.0,108224.0,6497.0,5864.0,633.0,796.0,10.0,2.0,541.0,255.0,9.0,1.0,160.0,89.0,71.0,5.0
2021-04-28,442618,334624.0,107994.0,6485.0,5854.0,631.0,747.0,9.0,0.0,454.0,293.0,9.0,0.0,163.0,89.0,74.0,3.0
2021-04-27,441880,334152.0,107728.0,6476.0,5845.0,631.0,716.0,10.0,7.0,367.0,349.0,9.0,1.0,155.0,74.0,81.0,4.0
2021-04-26,441166,333792.0,107374.0,6459.0,5829.0,630.0,213.0,4.0,7.0,159.0,54.0,4.0,0.0,32.0,22.0,10.0,5.0
2021-04-25,440955,333631.0,107324.0,6449.0,5822.0,627.0,325.0,4.0,9.0,214.0,111.0,4.0,0.0,72.0,42.0,30.0,7.0
2021-04-24,440631,333419.0,107212.0,6436.0,5812.0,624.0,489.0,22.0,11.0,275.0,214.0,21.0,1.0,96.0,57.0,39.0,4.0
2021-04-23,440149,333149.0,107000.0,6403.0,5783.0,620.0,607.0,5.0,17.0,378.0,229.0,5.0,0.0,119.0,68.0,51.0,6.0
2021-04-22,439551,332786.0,106765.0,6381.0,5766.0,615.0,628.0,5.0,3.0,410.0,218.0,5.0,0.0,137.0,85.0,52.0,7.0
2021-04-21,438927,332371.0,106556.0,6373.0,5758.0,615.0,785.0,7.0,6.0,463.0,322.0,7.0,0.0,165.0,84.0,81.0,2.0
2021-04-20,438147,331920.0,106227.0,6360.0,5747.0,613.0,609.0,7.0,6.0,325.0,284.0,7.0,0.0,121.0,59.0,62.0,7.0
2021-04-19,437543,331565.0,105978.0,6347.0,5736.0,611.0,231.0,4.0,5.0,149.0,82.0,2.0,2.0,54.0,32.0,22.0,6.0
2021-04-18,437312,331407.0,105905.0,6338.0,5730.0,608.0,275.0,4.0,4.0,188.0,87.0,4.0,0.0,45.0,34.0,11.0,3.0
2021-04-17,437037,331221.0,105816.0,6330.0,5723.0,607.0,599.0,3.0,10.0,364.0,235.0,3.0,0.0,132.0,69.0,63.0,4.0
2021-04-16,436445,330855.0,105590.0,6317.0,5711.0,606.0,713.0,10.0,5.0,417.0,296.0,7.0,3.0,175.0,91.0,84.0,4.0
2021-04-15,435743,330448.0,105295.0,6302.0,5701.0,601.0,834.0,17.0,0.0,533.0,301.0,13.0,4.0,166.0,101.0,65.0,3.0
2021-04-14,434922,329906.0,105016.0,6285.0,5688.0,597.0,782.0,14.0,10.0,427.0,355.0,12.0,2.0,155.0,76.0,79.0,6.0
2021-04-13,434148,329470.0,104678.0,6261.0,5668.0,593.0,799.0,3.0,1.0,428.0,371.0,3.0,0.0,157.0,75.0,82.0,5.0
2021-04-12,433352,329045.0,104307.0,6257.0,5664.0,593.0,270.0,7.0,0.0,172.0,98.0,7.0,0.0,52.0,29.0,23.0,3.0
2021-04-11,433085,328804.0,104281.0,6250.0,5657.0,593.0,366.0,8.0,1.0,274.0,92.0,8.0,0.0,77.0,55.0,22.0,8.0
2021-04-10,432720,328529.0,104191.0,6241.0,5649.0,592.0,505.0,10.0,8.0,302.0,203.0,10.0,0.0,85.0,48.0,37.0,3.0
2021-04-09,432220,328271.0,103949.0,6223.0,5631.0,592.0,744.0,4.0,5.0,489.0,255.0,4.0,0.0,104.0,65.0,39.0,1.0
2021-04-08,431487,327777.0,103710.0,6214.0,5622.0,592.0,645.0,16.0,0.0,380.0,265.0,15.0,1.0,107.0,68.0,39.0,8.0
2021-04-07,430860,327377.0,103483.0,6198.0,5607.0,591.0,1028.0,10.0,4.0,540.0,488.0,9.0,1.0,185.0,87.0,98.0,6.0
2021-04-06,429841,326828.0,103013.0,6184.0,5594.0,590.0,344.0,7.0,6.0,169.0,175.0,7.0,0.0,38.0,19.0,19.0,7.0
2021-04-05,429511,326642.0,102869.0,6171.0,5581.0,590.0,110.0,4.0,4.0,76.0,34.0,4.0,0.0,16.0,14.0,2.0,5.0
2021-04-04,429401,326566.0,102835.0,6163.0,5573.0,590.0,299.0,5.0,9.0,210.0,89.0,4.0,1.0,53.0,33.0,20.0,3.0
2021-04-03,429106,326208.0,102898.0,6149.0,5560.0,589.0,587.0,8.0,12.0,403.0,184.0,8.0,0.0,94.0,57.0,37.0,7.0
2021-04-02,428527,325925.0,102602.0,6129.0,5541.0,588.0,690.0,3.0,18.0,447.0,243.0,3.0,0.0,115.0,58.0,57.0,2.0
2021-04-01,427842,325482.0,102360.0,6108.0,5522.0,586.0,972.0,13.0,5.0,606.0,366.0,12.0,1.0,175.0,99.0,76.0,6.0
2021-03-31,426876,324813.0,102063.0,6090.0,5505.0,585.0,815.0,22.0,3.0,495.0,320.0,19.0,3.0,141.0,86.0,55.0,5.0
2021-03-30,426073,324328.0,101745.0,6065.0,5483.0,582.0,751.0,13.0,10.0,401.0,350.0,11.0,2.0,113.0,55.0,58.0,8.0
2021-03-29,425333,323948.0,101385.0,6042.0,5464.0,578.0,310.0,11.0,0.0,197.0,113.0,8.0,3.0,50.0,28.0,22.0,10.0
2021-03-28,425024,323743.0,101281.0,6031.0,5456.0,575.0,361.0,8.0,0.0,270.0,91.0,5.0,3.0,72.0,48.0,24.0,1.0
2021-03-27,424666,323473.0,101193.0,6023.0,5451.0,572.0,637.0,15.0,0.0,402.0,235.0,13.0,2.0,100.0,43.0,57.0,5.0
2021-03-26,424055,323113.0,100942.0,6008.0,5438.0,570.0,646.0,27.0,11.0,362.0,284.0,22.0,5.0,159.0,72.0,87.0,9.0
2021-03-25,423414,322752.0,100662.0,5970.0,5408.0,562.0,726.0,19.0,88.0,410.0,316.0,18.0,1.0,138.0,64.0,74.0,8.0
2021-03-24,422694,322322.0,100372.0,5863.0,5312.0,551.0,695.0,24.0,25.0,387.0,308.0,21.0,3.0,127.0,61.0,66.0,6.0
2021-03-23,421999,321890.0,100109.0,5814.0,5270.0,544.0,893.0,11.0,4.0,478.0,415.0,11.0,0.0,155.0,76.0,79.0,5.0
2021-03-22,421121,321363.0,99758.0,5799.0,5256.0,543.0,294.0,11.0,50.0,189.0,105.0,9.0,2.0,44.0,29.0,15.0,11.0
2021-03-21,420828,321166.0,99662.0,5738.0,5200.0,538.0,316.0,16.0,2.0,231.0,85.0,15.0,1.0,48.0,28.0,20.0,11.0
2021-03-20,420512,320937.0,99575.0,5720.0,5183.0,537.0,644.0,25.0,0.0,414.0,230.0,20.0,5.0,139.0,69.0,70.0,6.0
2021-03-19,419872,320500.0,99372.0,5695.0,5163.0,532.0,731.0,25.0,166.0,440.0,291.0,21.0,4.0,132.0,69.0,63.0,6.0
2021-03-18,419149,320032.0,99117.0,5504.0,4987.0,517.0,785.0,448.0,,472.0,313.0,406.0,42.0,164.0,107.0,57.0,7.0
2021-03-17,418372,319559.0,98813.0,5056.0,4581.0,475.0,963.0,27.0,,593.0,370.0,24.0,3.0,159.0,85.0,74.0,9.0
2021-03-16,417412,318956.0,98456.0,5029.0,4557.0,472.0,819.0,24.0,,462.0,357.0,22.0,2.0,122.0,59.0,63.0,6.0
2021-03-15,416610,318472.0,98138.0,5005.0,4535.0,470.0,396.0,23.0,,310.0,86.0,21.0,2.0,40.0,30.0,10.0,1.0
2021-03-14,416215,318158.0,98057.0,4982.0,4514.0,468.0,445.0,16.0,,349.0,96.0,15.0,1.0,78.0,62.0,16.0,6.0
2021-03-13,415770,317805.0,97965.0,4966.0,4499.0,467.0,679.0,16.0,,468.0,211.0,13.0,3.0,91.0,58.0,33.0,1.0
2021-03-12,415091,317330.0,97761.0,4950.0,4486.0,464.0,963.0,29.0,,627.0,336.0,27.0,2.0,228.0,151.0,77.0,12.0
2021-03-11,414131,316694.0,97437.0,4921.0,4459.0,462.0,1211.0,37.0,,898.0,313.0,30.0,7.0,260.0,199.0,61.0,11.0
2021-03-10,412924,315777.0,97147.0,4884.0,4429.0,455.0,1010.0,34.0,,618.0,392.0,33.0,1.0,170.0,88.0,82.0,10.0
2021-03-09,411917,315134.0,96783.0,4850.0,4396.0,454.0,880.0,21.0,,501.0,379.0,18.0,3.0,168.0,105.0,63.0,7.0
2021-03-08,411040,314598.0,96442.0,4829.0,4378.0,451.0,331.0,10.0,,211.0,120.0,9.0,1.0,49.0,29.0,20.0,5.0
2021-03-07,410709,314385.0,96324.0,4819.0,4369.0,450.0,526.0,13.0,,390.0,136.0,13.0,0.0,73.0,55.0,18.0,7.0
2021-03-06,410184,313998.0,96186.0,4806.0,4356.0,450.0,840.0,52.0,,493.0,347.0,45.0,7.0,140.0,83.0,57.0,7.0
2021-03-05,409345,313491.0,95854.0,4754.0,4311.0,443.0,920.0,22.0,,550.0,370.0,19.0,3.0,143.0,72.0,71.0,13.0
2021-03-04,408440,312930.0,95510.0,4732.0,4292.0,440.0,1068.0,28.0,,731.0,337.0,25.0,3.0,139.0,76.0,63.0,4.0
2021-03-03,407373,312179.0,95194.0,4704.0,4267.0,437.0,1175.0,33.0,,651.0,524.0,26.0,7.0,170.0,78.0,92.0,4.0
2021-03-02,406201,311489.0,94712.0,4671.0,4241.0,430.0,1080.0,19.0,,598.0,482.0,17.0,2.0,160.0,87.0,73.0,4.0
2021-03-01,405126,310885.0,94241.0,4652.0,4224.0,428.0,509.0,15.0,,392.0,117.0,15.0,0.0,79.0,60.0,19.0,9.0
2021-02-28,404622,310481.0,94141.0,4637.0,4209.0,428.0,675.0,12.0,,444.0,231.0,10.0,2.0,91.0,50.0,41.0,10.0
2021-02-27,403947,310029.0,93918.0,4625.0,4199.0,426.0,1025.0,25.0,,621.0,404.0,24.0,1.0,190.0,117.0,73.0,7.0
2021-02-26,402926,309388.0,93538.0,4600.0,4175.0,425.0,1180.0,30.0,,754.0,426.0,29.0,1.0,201.0,110.0,91.0,11.0
2021-02-25,401750,308600.0,93150.0,4570.0,4146.0,424.0,1447.0,43.0,,1002.0,445.0,39.0,4.0,192.0,114.0,78.0,17.0
2021-02-24,400307,307541.0,92766.0,4527.0,4107.0,420.0,1306.0,51.0,,789.0,517.0,46.0,5.0,183.0,95.0,88.0,18.0
2021-02-23,399013,306745.0,92268.0,4476.0,4061.0,415.0,1497.0,16.0,,875.0,622.0,15.0,1.0,235.0,136.0,99.0,13.0
2021-02-22,397526,305904.0,91622.0,4460.0,4046.0,414.0,530.0,13.0,,331.0,199.0,13.0,0.0,93.0,50.0,43.0,10.0
2021-02-21,396997,305543.0,91454.0,4447.0,4033.0,414.0,979.0,21.0,,653.0,326.0,16.0,5.0,145.0,89.0,56.0,16.0
2021-02-20,396018,304886.0,91132.0,4426.0,4017.0,409.0,1333.0,25.0,,777.0,556.0,22.0,3.0,193.0,123.0,70.0,13.0
2021-02-19,394687,304086.0,90601.0,4401.0,3995.0,406.0,1993.0,28.0,,1347.0,646.0,23.0,5.0,332.0,216.0,116.0,20.0
2021-02-18,392729,302781.0,89948.0,4373.0,3972.0,401.0,963.0,37.0,,463.0,500.0,31.0,6.0,141.0,65.0,76.0,11.0
2021-02-17,391772,302264.0,89508.0,4336.0,3941.0,395.0,1017.0,18.0,,632.0,385.0,16.0,2.0,163.0,93.0,70.0,19.0
2021-02-16,390762,301646.0,89116.0,4318.0,3925.0,393.0,1255.0,27.0,,783.0,472.0,24.0,3.0,191.0,121.0,70.0,19.0
2021-02-15,389521,300855.0,88666.0,4291.0,3901.0,390.0,723.0,9.0,,481.0,242.0,8.0,1.0,105.0,69.0,36.0,21.0
2021-02-14,388798,300366.0,88432.0,4282.0,3893.0,389.0,1710.0,10.0,,1042.0,668.0,9.0,1.0,277.0,154.0,123.0,16.0
2021-02-13,387090,299318.0,87772.0,4272.0,3884.0,388.0,769.0,19.0,,454.0,315.0,19.0,0.0,117.0,63.0,54.0,22.0
2021-02-12,386326,298878.0,87448.0,4253.0,3865.0,388.0,1440.0,42.0,,919.0,521.0,35.0,7.0,252.0,146.0,106.0,36.0
2021-02-11,384903,297942.0,86961.0,4211.0,3830.0,381.0,1880.0,36.0,,1156.0,724.0,31.0,5.0,296.0,168.0,128.0,18.0
2021-02-10,383032,296748.0,86284.0,4175.0,3799.0,376.0,1914.0,49.0,,992.0,922.0,46.0,3.0,313.0,161.0,152.0,25.0
2021-02-09,381121,295779.0,85342.0,4126.0,3753.0,373.0,2339.0,35.0,,1327.0,1012.0,33.0,2.0,409.0,201.0,208.0,21.0
2021-02-08,378793,294457.0,84336.0,4091.0,3720.0,371.0,1003.0,40.0,,736.0,267.0,31.0,9.0,175.0,120.0,55.0,24.0
2021-02-07,377790,293708.0,84082.0,4051.0,3689.0,362.0,1532.0,31.0,,1128.0,404.0,29.0,2.0,252.0,182.0,70.0,31.0
2021-02-06,376262,292581.0,83681.0,4020.0,3660.0,360.0,1998.0,49.0,,1208.0,790.0,41.0,8.0,346.0,198.0,148.0,25.0
2021-02-05,374268,291375.0,82893.0,3971.0,3619.0,352.0,2261.0,50.0,,1381.0,880.0,43.0,7.0,339.0,210.0,129.0,29.0
2021-02-04,372012,290000.0,82012.0,3921.0,3576.0,345.0,2500.0,58.0,,1702.0,798.0,53.0,5.0,432.0,274.0,158.0,31.0
2021-02-03,369519,288244.0,81275.0,3863.0,3523.0,340.0,2592.0,51.0,,1731.0,861.0,45.0,6.0,416.0,267.0,149.0,28.0
2021-02-02,366938,286537.0,80401.0,3812.0,3478.0,334.0,2443.0,32.0,,1404.0,1039.0,28.0,4.0,398.0,207.0,191.0,22.0
2021-02-01,364507,285138.0,79369.0,3780.0,3450.0,330.0,1623.0,35.0,,1110.0,513.0,32.0,3.0,220.0,150.0,70.0,28.0
2021-01-31,362890,284053.0,78837.0,3745.0,3418.0,327.0,1768.0,31.0,,1240.0,528.0,27.0,4.0,282.0,191.0,91.0,25.0
2021-01-30,361124,282810.0,78314.0,3714.0,3391.0,323.0,2649.0,46.0,,1746.0,903.0,40.0,6.0,435.0,257.0,178.0,31.0
2021-01-29,358478,281086.0,77392.0,3668.0,3351.0,317.0,2608.0,57.0,,1754.0,854.0,40.0,17.0,424.0,288.0,136.0,33.0
2021-01-28,355877,279340.0,76537.0,3611.0,3311.0,300.0,2947.0,69.0,,2026.0,921.0,63.0,6.0,498.0,329.0,169.0,22.0
2021-01-27,352943,277341.0,75602.0,3542.0,3248.0,294.0,2424.0,47.0,,1406.0,1018.0,41.0,6.0,413.0,225.0,188.0,42.0
2021-01-26,350528,276016.0,74512.0,3495.0,3207.0,288.0,2714.0,35.0,,1555.0,1159.0,30.0,5.0,470.0,246.0,224.0,37.0
2021-01-25,347836,274512.0,73324.0,3460.0,3177.0,283.0,1268.0,39.0,,882.0,386.0,32.0,7.0,169.0,121.0,48.0,33.0
2021-01-24,346586,273686.0,72900.0,3421.0,3145.0,276.0,2018.0,35.0,,1487.0,531.0,31.0,4.0,319.0,245.0,74.0,38.0
2021-01-23,344568,272191.0,72377.0,3386.0,3114.0,272.0,3795.0,49.0,,2818.0,977.0,45.0,4.0,614.0,424.0,190.0,36.0
2021-01-22,340779,269421.0,71358.0,3337.0,3069.0,268.0,2756.0,36.0,,1852.0,904.0,35.0,1.0,395.0,252.0,143.0,38.0
2021-01-21,338034,267624.0,70410.0,3301.0,3034.0,267.0,3728.0,58.0,,2391.0,1337.0,51.0,7.0,506.0,303.0,203.0,35.0
2021-01-20,334321,265333.0,68988.0,3243.0,2983.0,260.0,3433.0,49.0,,2383.0,1050.0,42.0,7.0,520.0,346.0,174.0,38.0
2021-01-19,330907,263094.0,67813.0,3194.0,2941.0,253.0,2250.0,27.0,,1575.0,675.0,18.0,9.0,260.0,185.0,75.0,51.0
2021-01-18,328668,261527.0,67141.0,3167.0,2923.0,244.0,1998.0,40.0,,1622.0,376.0,39.0,1.0,219.0,166.0,53.0,42.0
2021-01-17,326675,259967.0,66708.0,3127.0,2884.0,243.0,2362.0,34.0,,1990.0,372.0,26.0,8.0,293.0,241.0,52.0,44.0
2021-01-16,324325,257994.0,66331.0,3093.0,2858.0,235.0,3096.0,32.0,,2341.0,755.0,29.0,3.0,426.0,311.0,115.0,45.0
2021-01-15,321270,255670.0,65600.0,3061.0,2829.0,232.0,3955.0,19.0,,3076.0,879.0,16.0,3.0,491.0,380.0,111.0,44.0
2021-01-14,317345,252694.0,64651.0,3042.0,2813.0,229.0,4084.0,51.0,,3122.0,962.0,46.0,5.0,504.0,370.0,134.0,45.0
2021-01-13,313282,249686.0,63596.0,2991.0,2767.0,224.0,4560.0,47.0,,3361.0,1199.0,37.0,10.0,594.0,428.0,166.0,50.0
2021-01-12,308729,246392.0,62337.0,2944.0,2730.0,214.0,3053.0,22.0,,1917.0,1136.0,21.0,1.0,412.0,242.0,170.0,43.0
2021-01-11,305707,244578.0,61129.0,2922.0,2709.0,213.0,2085.0,21.0,,1670.0,415.0,17.0,4.0,242.0,185.0,57.0,39.0
2021-01-10,303625,242993.0,60632.0,2901.0,2692.0,209.0,3232.0,25.0,,2686.0,546.0,20.0,5.0,389.0,313.0,76.0,39.0
2021-01-09,300398,240337.0,60061.0,2876.0,2672.0,204.0,4240.0,20.0,,3289.0,951.0,20.0,0.0,509.0,371.0,138.0,41.0
2021-01-08,296167,237108.0,59059.0,2856.0,2652.0,204.0,4750.0,13.0,,3667.0,1083.0,9.0,4.0,581.0,427.0,154.0,57.0
2021-01-07,291430,233472.0,57958.0,2843.0,2643.0,200.0,4911.0,37.0,,3763.0,1148.0,34.0,3.0,651.0,465.0,186.0,41.0
2021-01-06,286541,229808.0,56733.0,2806.0,2609.0,197.0,5742.0,34.0,,4291.0,1451.0,31.0,3.0,670.0,496.0,174.0,45.0
2021-01-05,280836,225611.0,55225.0,2772.0,2578.0,194.0,1781.0,23.0,,1345.0,436.0,19.0,4.0,202.0,146.0,56.0,46.0
2021-01-04,279143,224348.0,54795.0,2749.0,2559.0,190.0,2319.0,26.0,,1795.0,524.0,26.0,0.0,291.0,223.0,68.0,48.0
2021-01-03,276826,222545.0,54281.0,2723.0,2533.0,190.0,2860.0,25.0,,2318.0,542.0,20.0,5.0,325.0,253.0,72.0,48.0
2021-01-02,273971,220231.0,53740.0,2698.0,2513.0,185.0,1470.0,22.0,,1174.0,296.0,20.0,2.0,185.0,138.0,47.0,38.0
2021-01-01,272502,219052.0,53450.0,2676.0,2493.0,183.0,3124.0,14.0,,2591.0,533.0,12.0,2.0,391.0,306.0,85.0,49.0
2020-12-31,269381,216445.0,52936.0,2662.0,2481.0,181.0,4145.0,39.0,,3189.0,956.0,35.0,4.0,441.0,302.0,139.0,51.0
2020-12-30,265262,213256.0,52006.0,2623.0,2446.0,177.0,3784.0,29.0,,2710.0,1074.0,22.0,7.0,398.0,261.0,137.0,61.0
2020-12-29,261492,210548.0,50944.0,2594.0,2424.0,170.0,2990.0,31.0,,1944.0,1046.0,26.0,5.0,307.0,179.0,128.0,47.0
2020-12-28,258517,208615.0,49902.0,2563.0,2398.0,165.0,1455.0,8.0,,1018.0,437.0,7.0,1.0,147.0,103.0,44.0,57.0
2020-12-27,257063,207578.0,49485.0,2555.0,2391.0,164.0,1509.0,21.0,,1215.0,294.0,19.0,2.0,181.0,139.0,42.0,47.0
2020-12-26,255563,206356.0,49207.0,2534.0,2372.0,162.0,764.0,4.0,,713.0,51.0,4.0,0.0,69.0,60.0,9.0,52.0
2020-12-25,254801,205660.0,49141.0,2530.0,2368.0,162.0,1803.0,11.0,,1593.0,210.0,9.0,2.0,164.0,146.0,18.0,58.0
2020-12-24,252998,204067.0,48931.0,2519.0,2359.0,160.0,2742.0,53.0,,2023.0,719.0,47.0,6.0,289.0,186.0,103.0,43.0
2020-12-23,250280,202044.0,48236.0,2466.0,2312.0,154.0,2953.0,26.0,,2107.0,846.0,24.0,2.0,322.0,192.0,130.0,73.0
2020-12-22,247344,199942.0,47402.0,2440.0,2288.0,152.0,3057.0,28.0,,1981.0,1076.0,22.0,6.0,327.0,192.0,135.0,57.0
2020-12-21,244297,197968.0,46329.0,2412.0,2266.0,146.0,1988.0,15.0,,1662.0,326.0,12.0,3.0,241.0,199.0,42.0,57.0
2020-12-20,242321,196279.0,46042.0,2397.0,2255.0,142.0,1765.0,26.0,,1384.0,381.0,21.0,5.0,194.0,154.0,40.0,65.0
2020-12-19,240564,194877.0,45687.0,2371.0,2234.0,137.0,3388.0,27.0,,2345.0,1043.0,26.0,1.0,373.0,233.0,140.0,56.0
2020-12-18,237190,192448.0,44742.0,2344.0,2208.0,136.0,3179.0,28.0,,2161.0,1018.0,25.0,3.0,349.0,217.0,132.0,56.0
2020-12-17,234021,190277.0,43744.0,2316.0,2183.0,133.0,3349.0,54.0,,2521.0,828.0,50.0,4.0,372.0,261.0,111.0,53.0
2020-12-16,230693,187697.0,42996.0,2262.0,2133.0,129.0,2898.0,23.0,,1812.0,1086.0,21.0,2.0,317.0,182.0,135.0,59.0
2020-12-15,227818,185901.0,41917.0,2239.0,2112.0,127.0,2946.0,15.0,,1807.0,1139.0,14.0,1.0,340.0,191.0,149.0,54.0
2020-12-14,224890,184072.0,40818.0,2224.0,2098.0,126.0,1802.0,17.0,,,,,,,,,47.0
2020-12-13,223104,182563.0,40541.0,2207.0,2081.0,126.0,2454.0,15.0,,,,,,,,,51.0
2020-12-12,220660,180633.0,40027.0,2192.0,2067.0,125.0,3558.0,24.0,,,,,,,,,41.0
2020-12-11,217120,178047.0,39073.0,2168.0,2052.0,116.0,3691.0,22.0,,,,,,,,,63.0
2020-12-10,213450,175271.0,38179.0,2146.0,2039.0,107.0,4324.0,28.0,,,,,,,,,51.0
2020-12-09,209136,172075.0,37061.0,2118.0,2014.0,104.0,3481.0,16.0,,,,,,,,,45.0
2020-12-08,205668,169569.0,36099.0,2102.0,1999.0,103.0,3114.0,20.0,,,,,,,,,54.0
2020-12-07,202592,167377.0,35215.0,2082.0,1980.0,102.0,1972.0,10.0,,,,,,,,,57.0
2020-12-06,200632,165693.0,34939.0,2072.0,1970.0,102.0,2567.0,10.0,,,,,,,,,68.0
2020-12-05,198065,163462.0,34603.0,2062.0,1960.0,102.0,3892.0,23.0,,,,,,,,,59.0
2020-12-04,194193,160166.0,34027.0,2039.0,1941.0,98.0,3614.0,25.0,,,,,,,,,67.0
2020-12-03,190601,157319.0,33282.0,2014.0,1922.0,92.0,3895.0,34.0,,,,,,,,,51.0
2020-12-02,186765,154260.0,32505.0,1980.0,1909.0,71.0,3601.0,37.0,,,,,,,,,51.0
2020-12-01,183168,151528.0,31640.0,1943.0,1874.0,69.0,4151.0,35.0,,,,,,,,,40.0
2020-11-30,179041,148424.0,30617.0,1908.0,1846.0,62.0,2124.0,12.0,,,,,,,,,55.0
2020-11-29,176925,146693.0,30232.0,1896.0,1834.0,62.0,2803.0,11.0,,,,,,,,,44.0
2020-11-28,174182,144349.0,29833.0,1885.0,1825.0,60.0,2437.0,14.0,,,,,,,,,50.0
2020-11-27,171755,142254.0,29501.0,1871.0,1817.0,54.0,1747.0,4.0,,,,,,,,,38.0
2020-11-26,170009,140630.0,29379.0,1867.0,1814.0,53.0,3870.0,32.0,,,,,,,,,40.0
2020-11-25,166139,137387.0,28752.0,1835.0,1784.0,51.0,3408.0,26.0,,,,,,,,,48.0
2020-11-24,162838,134739.0,28099.0,1809.0,1764.0,45.0,2690.0,17.0,,,,,,,,,49.0
2020-11-23,160232,132799.0,27433.0,1792.0,1747.0,45.0,2135.0,5.0,,,,,,,,,29.0
2020-11-22,158100,130899.0,27201.0,1787.0,1742.0,45.0,2194.0,4.0,,,,,,,,,43.0
2020-11-21,155908,128943.0,26965.0,1783.0,1738.0,45.0,3711.0,21.0,,,,,,,,,39.0
2020-11-20,152206,125825.0,26381.0,1762.0,1720.0,42.0,3825.0,20.0,,,,,,,,,51.0
2020-11-19,148390,122681.0,25709.0,1742.0,1701.0,41.0,3649.0,30.0,,,,,,,,,52.0
2020-11-18,144753,119662.0,25091.0,1712.0,1674.0,38.0,2753.0,15.0,,,,,,,,,44.0
2020-11-17,142008,117557.0,24451.0,1697.0,1659.0,38.0,2931.0,33.0,,,,,,,,,46.0
2020-11-16,139097,115274.0,23823.0,1664.0,1627.0,37.0,1514.0,3.0,,,,,,,,,40.0
2020-11-15,137586,114044.0,23542.0,1661.0,1624.0,37.0,1449.0,3.0,,,,,,,,,35.0
2020-11-14,136137,112914.0,23223.0,1658.0,1621.0,37.0,3303.0,11.0,,,,,,,,,31.0
2020-11-13,132844,110237.0,22607.0,1647.0,1611.0,36.0,3173.0,25.0,,,,,,,,,24.0
2020-11-12,129680,107745.0,21935.0,1622.0,1589.0,33.0,2342.0,18.0,,,,,,,,,29.0
2020-11-11,127344,105907.0,21437.0,1604.0,1574.0,30.0,2700.0,14.0,,,,,,,,,27.0
2020-11-10,124646,103849.0,20797.0,1590.0,1562.0,28.0,2120.0,14.0,,,,,,,,,23.0
2020-11-09,122567,102373.0,20194.0,1576.0,1549.0,27.0,1745.0,11.0,,,,,,,,,27.0
2020-11-08,120838,100791.0,20047.0,1565.0,1538.0,27.0,1177.0,4.0,,,,,,,,,36.0
2020-11-07,119661,99815.0,19846.0,1561.0,1534.0,27.0,2162.0,17.0,,,,,,,,,30.0
2020-11-06,117505,98138.0,19367.0,1544.0,1520.0,24.0,2302.0,10.0,,,,,,,,,18.0
2020-11-05,115277,96424.0,18853.0,1534.0,1511.0,23.0,2318.0,20.0,,,,,,,,,35.0
2020-11-04,113009,94691.0,18318.0,1514.0,1491.0,23.0,1635.0,11.0,,,,,,,,,30.0
2020-11-03,111379,93407.0,17972.0,1503.0,1480.0,23.0,1795.0,11.0,,,,,,,,,22.0
2020-11-02,109670,92228.0,17442.0,1492.0,1470.0,22.0,1032.0,3.0,,,,,,,,,20.0
2020-11-01,108642,91343.0,17299.0,1489.0,1467.0,22.0,1423.0,4.0,,,,,,,,,22.0
2020-10-31,107219,90062.0,17157.0,1485.0,1463.0,22.0,1986.0,9.0,,,,,,,,,18.0
2020-10-30,105242,88512.0,16730.0,1476.0,1455.0,21.0,1941.0,15.0,,,,,,,,,20.0
2020-10-29,103305,86953.0,16352.0,1461.0,1440.0,21.0,1821.0,19.0,,,,,,,,,17.0
2020-10-28,101494,85577.0,15917.0,1442.0,1421.0,21.0,1864.0,14.0,,,,,,,,,16.0
2020-10-27,99637,84177.0,15460.0,1428.0,1408.0,20.0,1786.0,18.0,,,,,,,,,20.0
2020-10-26,97866,82892.0,14974.0,1410.0,1391.0,19.0,953.0,3.0,,,,,,,,,19.0
2020-10-25,96942,82087.0,14855.0,1407.0,1388.0,19.0,1462.0,3.0,,,,,,,,,23.0
2020-10-24,95480,80735.0,14745.0,1404.0,1385.0,19.0,1738.0,8.0,,,,,,,,,24.0
2020-10-23,93748,79275.0,14473.0,1396.0,1378.0,18.0,1457.0,16.0,,,,,,,,,23.0
2020-10-22,92299,78250.0,14049.0,1380.0,1363.0,17.0,1330.0,17.0,,,,,,,,,16.0
2020-10-21,90996,77233.0,13763.0,1363.0,1346.0,17.0,1487.0,21.0,,,,,,,,,26.0
2020-10-20,89544,76113.0,13431.0,1342.0,1326.0,16.0,1312.0,16.0,,,,,,,,,15.0
2020-10-19,88247,75143.0,13104.0,1326.0,1310.0,16.0,647.0,9.0,,,,,,,,,25.0
2020-10-18,87607,74600.0,13007.0,1317.0,1303.0,14.0,812.0,5.0,,,,,,,,,21.0
2020-10-17,86797,73915.0,12882.0,1312.0,1298.0,14.0,1295.0,12.0,,,,,,,,,19.0
2020-10-16,85506,72924.0,12582.0,1300.0,1286.0,14.0,1319.0,4.0,,,,,,,,,20.0
2020-10-15,84195,71896.0,12299.0,1296.0,1282.0,14.0,1260.0,20.0,,,,,,,,,22.0
2020-10-14,83013,71059.0,11954.0,1276.0,1262.0,14.0,1346.0,7.0,,,,,,,,,12.0
2020-10-13,81691,70080.0,11611.0,1269.0,1256.0,13.0,776.0,14.0,,,,,,,,,14.0
2020-10-12,80930,69611.0,11319.0,1255.0,1242.0,13.0,643.0,3.0,,,,,,,,,15.0
2020-10-11,80292,69138.0,11154.0,1252.0,1239.0,13.0,852.0,3.0,,,,,,,,,17.0
2020-10-10,79445,68442.0,11003.0,1249.0,1236.0,13.0,1002.0,7.0,,,,,,,,,15.0
2020-10-09,78456,67635.0,10821.0,1242.0,1229.0,13.0,1059.0,8.0,,,,,,,,,13.0
2020-10-08,77455,66830.0,10625.0,1234.0,1222.0,12.0,884.0,11.0,,,,,,,,,21.0
2020-10-07,76587,66148.0,10439.0,1223.0,1211.0,12.0,2398.0,5.0,,,,,,,,,20.0
2020-10-06,74194,64350.0,9844.0,1218.0,1206.0,12.0,1054.0,4.0,,,,,,,,,14.0
2020-10-05,73158,63658.0,9500.0,1214.0,1202.0,12.0,543.0,5.0,,,,,,,,,7.0
2020-10-04,72617,63189.0,9428.0,1209.0,1197.0,12.0,616.0,4.0,,,,,,,,,13.0
2020-10-03,72001,62669.0,9332.0,1205.0,1193.0,12.0,1275.0,8.0,,,,,,,,,13.0
2020-10-02,70727,61647.0,9080.0,1197.0,1185.0,12.0,1039.0,6.0,,,,,,,,,12.0
2020-10-01,69728,60875.0,8853.0,1191.0,1180.0,11.0,910.0,17.0,,,,,,,,,10.0
2020-09-30,68840,60218.0,8622.0,1174.0,1163.0,11.0,1004.0,4.0,,,,,,,,,8.0
2020-09-29,67856,59544.0,8312.0,1170.0,1159.0,11.0,1018.0,8.0,,,,,,,,,7.0
2020-09-28,66939,58888.0,8051.0,1162.0,1151.0,11.0,456.0,5.0,,,,,,,,,8.0
2020-09-27,66491,58501.0,7990.0,1157.0,1147.0,10.0,456.0,3.0,,,,,,,,,9.0
2020-09-26,66036,58128.0,7908.0,1154.0,1144.0,10.0,970.0,5.0,,,,,,,,,13.0
2020-09-25,65066,57366.0,7700.0,1149.0,1140.0,9.0,908.0,12.0,,,,,,,,,9.0
2020-09-24,64158,56608.0,7550.0,1137.0,1128.0,9.0,641.0,13.0,,,,,,,,,14.0
2020-09-23,63517,56154.0,7363.0,1124.0,1115.0,9.0,786.0,5.0,,,,,,,,,11.0
2020-09-22,62731,55577.0,7154.0,1119.0,1110.0,9.0,814.0,7.0,,,,,,,,,11.0
2020-09-21,61917,54996.0,6921.0,1112.0,1103.0,9.0,375.0,1.0,,,,,,,,,12.0
2020-09-20,61542,54695.0,6847.0,1111.0,1102.0,9.0,436.0,3.0,,,,,,,,,15.0
2020-09-19,61106,54325.0,6781.0,1108.0,1099.0,9.0,978.0,7.0,,,,,,,,,9.0
2020-09-18,60128,53509.0,6619.0,1101.0,1092.0,9.0,758.0,8.0,,,,,,,,,6.0
2020-09-17,59370,52887.0,6483.0,1093.0,1084.0,9.0,606.0,11.0,,,,,,,,,10.0
2020-09-16,58764,52437.0,6327.0,1082.0,1073.0,9.0,764.0,8.0,,,,,,,,,5.0
2020-09-15,58000,51862.0,6138.0,1074.0,1065.0,9.0,718.0,9.0,,,,,,,,,14.0
2020-09-14,57282,51317.0,5965.0,1065.0,1056.0,9.0,337.0,5.0,,,,,,,,,8.0
2020-09-13,56945,51018.0,5927.0,1060.0,1051.0,9.0,530.0,3.0,,,,,,,,,7.0
2020-09-12,56415,50535.0,5880.0,1057.0,1048.0,9.0,711.0,13.0,,,,,,,,,7.0
2020-09-11,55704,49979.0,5725.0,1044.0,1035.0,9.0,932.0,9.0,,,,,,,,,8.0
2020-09-10,54772,49198.0,5574.0,1035.0,1026.0,9.0,795.0,22.0,,,,,,,,,13.0
2020-09-09,53977,48599.0,5378.0,1013.0,1004.0,9.0,658.0,16.0,,,,,,,,,8.0
2020-09-08,53319,48141.0,5178.0,997.0,988.0,9.0,255.0,1.0,,,,,,,,,15.0
2020-09-07,53064,47956.0,5108.0,996.0,987.0,9.0,290.0,0.0,,,,,,,,,13.0
2020-09-06,52774,47741.0,5033.0,996.0,987.0,9.0,310.0,3.0,,,,,,,,,6.0
2020-09-05,52464,47487.0,4977.0,993.0,984.0,9.0,787.0,6.0,,,,,,,,,9.0
2020-09-04,51677,46846.0,4831.0,987.0,978.0,9.0,792.0,11.0,,,,,,,,,15.0
2020-09-03,50885,46166.0,4719.0,976.0,967.0,9.0,894.0,10.0,,,,,,,,,13.0
2020-09-02,49991,45497.0,4494.0,966.0,957.0,9.0,806.0,18.0,,,,,,,,,15.0
2020-09-01,49185,44824.0,4361.0,948.0,939.0,9.0,789.0,15.0,,,,,,,,,9.0
2020-08-31,48396,44212.0,4184.0,933.0,924.0,9.0,364.0,3.0,,,,,,,,,14.0
2020-08-30,48032,43901.0,4131.0,930.0,921.0,9.0,455.0,9.0,,,,,,,,,13.0
2020-08-29,47577,43507.0,4070.0,921.0,913.0,8.0,820.0,3.0,,,,,,,,,10.0
2020-08-28,46757,42811.0,3946.0,918.0,910.0,8.0,779.0,8.0,,,,,,,,,19.0
2020-08-27,45978,42169.0,3809.0,910.0,904.0,6.0,748.0,8.0,,,,,,,,,8.0
2020-08-26,45230,41567.0,3663.0,902.0,896.0,6.0,662.0,7.0,,,,,,,,,12.0
2020-08-25,44568,41054.0,3514.0,895.0,889.0,6.0,669.0,10.0,,,,,,,,,14.0
2020-08-24,43899,40493.0,3406.0,885.0,879.0,6.0,370.0,4.0,,,,,,,,,13.0
2020-08-23,43529,40181.0,3348.0,881.0,875.0,6.0,463.0,9.0,,,,,,,,,2.0
2020-08-22,43066,39755.0,3311.0,872.0,866.0,6.0,801.0,8.0,,,,,,,,,10.0
2020-08-21,42265,39068.0,3197.0,864.0,858.0,6.0,639.0,8.0,,,,,,,,,12.0
2020-08-20,41626,38475.0,3151.0,856.0,850.0,6.0,700.0,14.0,,,,,,,,,13.0
2020-08-19,40926,37848.0,3078.0,842.0,836.0,6.0,627.0,12.0,,,,,,,,,13.0
2020-08-18,40299,37304.0,2995.0,830.0,825.0,5.0,608.0,12.0,,,,,,,,,10.0
2020-08-17,39691,36824.0,2867.0,818.0,813.0,5.0,376.0,5.0,,,,,,,,,7.0
2020-08-16,39315,36475.0,2840.0,813.0,808.0,5.0,385.0,3.0,,,,,,,,,11.0
2020-08-15,38930,36117.0,2813.0,810.0,805.0,5.0,632.0,6.0,,,,,,,,,8.0
2020-08-14,38298,35565.0,2733.0,804.0,799.0,5.0,612.0,8.0,,,,,,,,,11.0
2020-08-13,37686,35036.0,2650.0,796.0,791.0,5.0,741.0,6.0,,,,,,,,,10.0
2020-08-12,36945,34415.0,2530.0,790.0,785.0,5.0,1152.0,7.0,,,,,,,,,11.0
2020-08-11,35793,33379.0,2414.0,783.0,778.0,5.0,539.0,8.0,,,,,,,,,8.0
2020-08-10,35254,32941.0,2313.0,775.0,770.0,5.0,272.0,2.0,,,,,,,,,7.0
2020-08-09,34982,32713.0,2269.0,773.0,768.0,5.0,404.0,1.0,,,,,,,,,10.0
2020-08-08,34578,32330.0,2248.0,772.0,767.0,5.0,782.0,8.0,,,,,,,,,9.0
2020-08-07,33796,31635.0,2161.0,764.0,760.0,4.0,542.0,4.0,,,,,,,,,10.0
2020-08-06,33254,31146.0,2108.0,760.0,756.0,4.0,513.0,8.0,,,,,,,,,9.0
2020-08-05,32741,30712.0,2029.0,752.0,748.0,4.0,544.0,1.0,,,,,,,,,8.0
2020-08-04,32197,30238.0,1959.0,751.0,747.0,4.0,689.0,7.0,,,,,,,,,5.0
2020-08-03,31508,29623.0,1885.0,744.0,740.0,4.0,323.0,2.0,,,,,,,,,8.0
2020-08-02,31185,29346.0,1839.0,742.0,738.0,4.0,462.0,2.0,,,,,,,,,4.0
2020-08-01,30723,28922.0,1801.0,740.0,736.0,4.0,572.0,5.0,,,,,,,,,9.0
2020-07-31,30151,28404.0,1747.0,735.0,731.0,4.0,765.0,4.0,,,,,,,,,6.0
2020-07-30,29386,27716.0,1670.0,731.0,727.0,4.0,659.0,7.0,,,,,,,,,9.0
2020-07-29,28727,27173.0,1554.0,724.0,720.0,4.0,601.0,5.0,,,,,,,,,5.0
2020-07-28,28126,26656.0,1470.0,719.0,715.0,4.0,525.0,10.0,,,,,,,,,6.0
2020-07-27,27601,26209.0,1392.0,709.0,705.0,4.0,522.0,9.0,,,,,,,,,10.0
2020-07-26,27079,25699.0,1380.0,700.0,696.0,4.0,315.0,4.0,,,,,,,,,6.0
2020-07-25,26764,25390.0,1374.0,696.0,692.0,4.0,833.0,5.0,,,,,,,,,7.0
2020-07-24,25931,24615.0,1316.0,691.0,687.0,4.0,784.0,7.0,,,,,,,,,10.0
2020-07-23,25147,23882.0,1265.0,684.0,680.0,4.0,607.0,7.0,,,,,,,,,10.0
2020-07-22,24540,23336.0,1204.0,677.0,673.0,4.0,480.0,3.0,,,,,,,,,8.0
2020-07-21,24060,22916.0,1144.0,674.0,670.0,4.0,646.0,3.0,,,,,,,,,5.0
2020-07-20,23414,22328.0,1086.0,671.0,667.0,4.0,253.0,1.0,,,,,,,,,7.0
2020-07-19,23161,22095.0,1066.0,670.0,666.0,4.0,977.0,3.0,,,,,,,,,8.0
2020-07-18,22184,21128.0,1056.0,667.0,662.0,5.0,579.0,9.0,,,,,,,,,6.0
2020-07-17,21605,20607.0,998.0,658.0,653.0,5.0,522.0,8.0,,,,,,,,,5.0
2020-07-16,21083,20118.0,965.0,650.0,646.0,4.0,406.0,5.0,,,,,,,,,6.0
2020-07-15,20677,19737.0,940.0,645.0,641.0,4.0,454.0,10.0,,,,,,,,,7.0
2020-07-14,20223,19349.0,874.0,635.0,631.0,4.0,570.0,6.0,,,,,,,,,4.0
2020-07-13,19653,18824.0,829.0,629.0,625.0,4.0,264.0,4.0,,,,,,,,,10.0
2020-07-12,19389,18562.0,827.0,625.0,621.0,4.0,268.0,3.0,,,,,,,,,7.0
2020-07-11,19121,18307.0,814.0,622.0,618.0,4.0,451.0,2.0,,,,,,,,,7.0
2020-07-10,18670,17890.0,780.0,620.0,616.0,4.0,425.0,8.0,,,,,,,,,5.0
2020-07-09,18245,17491.0,754.0,612.0,608.0,4.0,326.0,4.0,,,,,,,,,3.0
2020-07-08,17919,17202.0,717.0,608.0,604.0,4.0,400.0,6.0,,,,,,,,,9.0
2020-07-07,17519,16864.0,655.0,602.0,598.0,4.0,367.0,9.0,,,,,,,,,6.0
2020-07-06,17152,16525.0,627.0,593.0,589.0,4.0,245.0,8.0,,,,,,,,,4.0
2020-07-05,16907,16291.0,616.0,585.0,581.0,4.0,280.0,0.0,,,,,,,,,14.0
2020-07-04,16627,16018.0,609.0,585.0,581.0,4.0,251.0,0.0,,,,,,,,,2.0
2020-07-03,16376,15781.0,595.0,585.0,581.0,4.0,297.0,4.0,,,,,,,,,7.0
2020-07-02,16079,15508.0,571.0,581.0,577.0,4.0,237.0,9.0,,,,,,,,,4.0
2020-07-01,15842,15286.0,556.0,572.0,568.0,4.0,218.0,7.0,,,,,,,,,9.0
2020-06-30,15624,15090.0,534.0,565.0,561.0,4.0,277.0,5.0,,,,,,,,,6.0
2020-06-29,15347,14835.0,512.0,560.0,557.0,3.0,115.0,2.0,,,,,,,,,6.0
2020-06-28,15232,14732.0,500.0,558.0,555.0,3.0,65.0,4.0,,,,,,,,,6.0
2020-06-27,15167,14669.0,498.0,554.0,551.0,3.0,308.0,1.0,,,,,,,,,5.0
2020-06-26,14859,14401.0,458.0,553.0,550.0,3.0,242.0,7.0,,,,,,,,,7.0
2020-06-25,14617,14182.0,435.0,546.0,542.0,4.0,254.0,8.0,,,,,,,,,8.0
2020-06-24,14363,13937.0,426.0,538.0,534.0,4.0,222.0,1.0,,,,,,,,,6.0
2020-06-23,14141,13736.0,405.0,537.0,533.0,4.0,302.0,11.0,,,,,,,,,2.0
2020-06-22,13839,13449.0,390.0,526.0,522.0,4.0,89.0,0.0,,,,,,,,,10.0
2020-06-21,13750,13369.0,381.0,526.0,523.0,3.0,120.0,2.0,,,,,,,,,4.0
2020-06-20,13630,13253.0,377.0,524.0,521.0,3.0,176.0,2.0,,,,,,,,,5.0
2020-06-19,13454,13097.0,357.0,522.0,519.0,3.0,257.0,2.0,,,,,,,,,5.0
2020-06-18,13197,12846.0,351.0,520.0,518.0,2.0,202.0,2.0,,,,,,,,,4.0
2020-06-17,12995,12646.0,349.0,518.0,516.0,2.0,166.0,6.0,,,,,,,,,4.0
2020-06-16,12829,12490.0,339.0,512.0,510.0,2.0,182.0,7.0,,,,,,,,,2.0
2020-06-15,12647,12326.0,321.0,505.0,503.0,2.0,118.0,5.0,,,,,,,,,5.0
2020-06-14,12529,12208.0,321.0,500.0,498.0,2.0,84.0,1.0,,,,,,,,,4.0
2020-06-13,12445,12125.0,320.0,499.0,497.0,2.0,279.0,2.0,,,,,,,,,6.0
2020-06-12,12166,11850.0,316.0,497.0,495.0,2.0,221.0,4.0,,,,,,,,,7.0
2020-06-11,11945,11637.0,308.0,493.0,491.0,2.0,62.0,9.0,,,,,,,,,5.0
2020-06-10,11883,11576.0,307.0,484.0,482.0,2.0,175.0,7.0,,,,,,,,,12.0
2020-06-09,11708,11419.0,289.0,477.0,475.0,2.0,232.0,5.0,,,,,,,,,7.0
2020-06-08,11476,11212.0,264.0,472.0,470.0,2.0,120.0,1.0,,,,,,,,,3.0
2020-06-07,11356,11097.0,259.0,471.0,469.0,2.0,69.0,1.0,,,,,,,,,6.0
2020-06-06,11287,11031.0,256.0,470.0,468.0,2.0,310.0,4.0,,,,,,,,,8.0
2020-06-05,10977,10734.0,243.0,466.0,465.0,1.0,272.0,8.0,,,,,,,,,3.0
2020-06-04,10705,10479.0,226.0,458.0,456.0,2.0,295.0,8.0,,,,,,,,,9.0
2020-06-03,10410,10192.0,218.0,450.0,449.0,1.0,225.0,8.0,,,,,,,,,10.0
2020-06-02,10185,9970.0,215.0,442.0,441.0,1.0,139.0,3.0,,,,,,,,,6.0
2020-06-01,10046,9853.0,193.0,439.0,438.0,1.0,214.0,5.0,,,,,,,,,3.0
2020-05-31,9704,,,431.0,430.0,1.0,240.0,13.0,,,,,,,,,6.0
2020-05-30,9464,,,418.0,417.0,1.0,280.0,9.0,,,,,,,,,3.0
2020-05-29,9184,,,409.0,408.0,1.0,107.0,9.0,,,,,,,,,9.0
2020-05-28,9077,,,400.0,399.0,1.0,0.0,0.0,,,,,,,,,7.0
2020-05-27,9077,,,400.0,399.0,1.0,506.0,9.0,,,,,,,,,5.0
2020-05-26,8571,,,391.0,390.0,1.0,0.0,0.0,,,,,,,,,9.0
2020-05-25,8571,,,391.0,390.0,1.0,0.0,0.0,,,,,,,,,6.0
2020-05-24,8571,,,391.0,390.0,1.0,145.0,0.0,,,,,,,,,7.0
2020-05-23,8426,,,391.0,390.0,1.0,140.0,5.0,,,,,,,,,8.0
2020-05-22,8286,,,386.0,385.0,1.0,11.0,10.0,,,,,,,,,4.0
2020-05-21,8275,,,376.0,375.0,1.0,206.0,10.0,,,,,,,,,7.0
2020-05-20,8069,,,366.0,365.0,1.0,0.0,0.0,,,,,,,,,8.0
2020-05-19,8069,,,366.0,345.0,1.0,381.0,32.0,,,,,,,,,12.0
2020-05-18,7688,,,334.0,334.0,,0.0,0.0,,,,,,,,,8.0
2020-05-17,7688,,,334.0,334.0,,244.0,2.0,,,,,,,,,7.0
2020-05-16,7444,,,332.0,332.0,,219.0,4.0,,,,,,,,,8.0
2020-05-15,7225,,,328.0,328.0,,145.0,2.0,,,,,,,,,10.0
2020-05-14,7080,,,326.0,326.0,,227.0,5.0,,,,,,,,,6.0
2020-05-13,6853,,,321.0,321.0,,176.0,10.0,,,,,,,,,5.0
2020-05-12,6677,,,311.0,311.0,,237.0,7.0,,,,,,,,,5.0
2020-05-11,6440,,,304.0,304.0,,0.0,0.0,,,,,,,,,7.0
2020-05-10,6440,,,304.0,304.0,,152.0,6.0,,,,,,,,,8.0
2020-05-09,6288,,,298.0,298.0,,159.0,4.0,,,,,,,,,10.0
2020-05-08,6129,,,294.0,294.0,,195.0,11.0,,,,,,,,,7.0
2020-05-07,5934,,,283.0,282.0,,112.0,8.0,,,,,,,,,11.0
2020-05-06,5822,,,275.0,274.0,,577.0,14.0,,,,,,,,,7.0
2020-05-05,5245,,,261.0,260.0,,115.0,8.0,,,,,,,,,12.0
2020-05-04,5130,,,253.0,252.0,,251.0,5.0,,,,,,,,,9.0
2020-05-03,4879,,,248.0,252.0,,0.0,0.0,,,,,,,,,11.0
2020-05-02,4879,,,248.0,,,171.0,8.0,,,,,,,,,7.0
2020-05-01,4708,,,240.0,,,169.0,5.0,,,,,,,,,10.0
2020-04-30,4539,,,235.0,,,164.0,10.0,,,,,,,,,10.0
2020-04-29,4375,,,225.0,,,229.0,12.0,,,,,,,,,8.0
2020-04-28,4146,,,213.0,,,72.0,5.0,,,,,,,,,9.0
2020-04-27,4074,,,208.0,,,169.0,3.0,,,,,,,,,4.0
2020-04-26,3905,,,205.0,,,126.0,5.0,,,,,,,,,5.0
2020-04-25,3779,,,200.0,,,298.0,9.0,,,,,,,,,9.0
2020-04-24,3481,,,191.0,,,108.0,6.0,,,,,,,,,10.0
2020-04-23,3373,,,185.0,,,181.0,14.0,,,,,,,,,8.0
2020-04-22,3192,,,171.0,,,142.0,17.0,,,,,,,,,9.0
2020-04-21,3050,,,154.0,,,90.0,6.0,,,,,,,,,12.0
2020-04-20,2960,,,148.0,,,253.0,4.0,,,,,,,,,13.0
2020-04-19,2707,,,144.0,,,185.0,7.0,,,,,,,,,10.0
2020-04-18,2522,,,137.0,,,93.0,8.0,,,,,,,,,4.0
2020-04-17,2429,,,129.0,,,138.0,7.0,,,,,,,,,9.0
2020-04-16,2291,,,122.0,,,81.0,7.0,,,,,,,,,10.0
2020-04-15,2210,,,115.0,,,162.0,11.0,,,,,,,,,8.0
2020-04-14,2048,,,104.0,,,85.0,7.0,,,,,,,,,9.0
2020-04-13,1963,,,97.0,,,123.0,3.0,,,,,,,,,8.0
2020-04-12,1840,,,94.0,,,147.0,4.0,,,,,,,,,8.0
2020-04-11,1693,,,90.0,,,0.0,0.0,,,,,,,,,6.0
2020-04-10,1693,,,90.0,,,347.0,17.0,,,,,,,,,7.0
2020-04-09,1346,,,73.0,,,197.0,8.0,,,,,,,,,10.0
2020-04-08,1149,,,65.0,,,141.0,6.0,,,,,,,,,8.0
2020-04-07,1008,,,59.0,,,53.0,14.0,,,,,,,,,7.0
2020-04-06,955,,,45.0,,,38.0,5.0,,,,,,,,,5.0
2020-04-05,917,,,40.0,,,86.0,3.0,,,,,,,,,7.0
2020-04-04,831,,,37.0,,,61.0,6.0,,,,,,,,,7.0
2020-04-03,770,,,31.0,,,90.0,11.0,,,,,,,,,8.0
2020-04-02,680,,,20.0,,,89.0,3.0,,,,,,,,,10.0
2020-04-01,591,,,17.0,,,111.0,6.0,,,,,,,,,4.0
2020-03-31,480,,,11.0,,,41.0,2.0,,,,,,,,,7.0
2020-03-30,439,,,9.0,,,45.0,0.0,,,,,,,,,8.0
2020-03-29,394,,,9.0,,,92.0,1.0,,,,,,,,,3.0
2020-03-28,302,,,8.0,,,54.0,2.0,,,,,,,,,1.0
2020-03-27,248,,,6.0,,,50.0,2.0,,,,,,,,,0.0
2020-03-26,198,,,4.0,,,41.0,0.0,,,,,,,,,2.0
2020-03-25,157,,,4.0,,,33.0,0.0,,,,,,,,,0.0
2020-03-24,124,,,4.0,,,20.0,1.0,,,,,,,,,1.0
2020-03-23,104,,,3.0,,,5.0,0.0,,,,,,,,,3.0
2020-03-22,99,,,3.0,,,45.0,1.0,,,,,,,,,1.0
2020-03-21,54,,,2.0,,,7.0,1.0,,,,,,,,,1.0
2020-03-20,47,,,1.0,,,12.0,0.0,,,,,,,,,1.0
2020-03-19,35,,,1.0,,,9.0,0.0,,,,,,,,,0.0
2020-03-18,26,,,1.0,,,4.0,0.0,,,,,,,,,1.0
2020-03-17,22,,,1.0,,,1.0,0.0,,,,,,,,,0.0
2020-03-16,21,,,1.0,,,5.0,0.0,,,,,,,,,0.0
2020-03-15,16,,,1.0,,,2.0,0.0,,,,,,,,,1.0
2020-03-14,14,,,1.0,,,3.0,1.0,,,,,,,,,1.0
2020-03-13,11,,,,,,3.0,0.0,,,,,,,,,0.0
2020-03-12,8,,,,,,0.0,0.0,,,,,,,,,0.0
2020-03-11,8,,,,,,2.0,0.0,,,,,,,,,0.0
2020-03-10,6,,,,,,2.0,0.0,,,,,,,,,0.0
2020-03-09,4,,,,,,3.0,0.0,,,,,,,,,0.0
2020-03-08,1,,,,,,0.0,0.0,,,,,,,,,0.0
2020-03-07,1,,,,,,1.0,0.0,,,,,,,,,0.0
2020-03-06,0,,,,,,0.0,0.0,,,,,,,,,0.0
